onset	duration	trial_type	value	sample	StimulusPresentation
0.0	0.002	begin	1	0	PsychophysicsToolbox
0.498	0.002	stim_on	4	249	PsychophysicsToolbox
1.42	0.002	resp	3	710	PsychophysicsToolbox
1.434	0.002	resp	3	717	PsychophysicsToolbox
1.444	0.002	resp	3	722	PsychophysicsToolbox
1.454	0.002	resp	3	727	PsychophysicsToolbox
1.464	0.002	resp	3	732	PsychophysicsToolbox
1.474	0.002	resp	3	737	PsychophysicsToolbox
1.484	0.002	resp	3	742	PsychophysicsToolbox
1.494	0.002	resp	3	747	PsychophysicsToolbox
1.504	0.002	resp	3	752	PsychophysicsToolbox
1.514	0.002	resp	3	757	PsychophysicsToolbox
1.524	0.002	resp	3	762	PsychophysicsToolbox
1.534	0.002	resp	3	767	PsychophysicsToolbox
1.544	0.002	resp	3	772	PsychophysicsToolbox
2.202	0.002	stim_on	4	1101	PsychophysicsToolbox
3.066	0.002	resp	3	1533	PsychophysicsToolbox
3.08	0.002	resp	3	1540	PsychophysicsToolbox
3.09	0.002	resp	3	1545	PsychophysicsToolbox
3.1	0.002	resp	3	1550	PsychophysicsToolbox
3.11	0.002	resp	3	1555	PsychophysicsToolbox
3.12	0.002	resp	3	1560	PsychophysicsToolbox
3.13	0.002	resp	3	1565	PsychophysicsToolbox
3.14	0.002	resp	3	1570	PsychophysicsToolbox
3.15	0.002	resp	3	1575	PsychophysicsToolbox
3.16	0.002	resp	3	1580	PsychophysicsToolbox
3.17	0.002	resp	3	1585	PsychophysicsToolbox
3.18	0.002	resp	3	1590	PsychophysicsToolbox
3.196	0.002	resp	3	1598	PsychophysicsToolbox
3.638	0.002	stim_on	4	1819	PsychophysicsToolbox
4.476	0.002	resp	3	2238	PsychophysicsToolbox
4.494	0.002	resp	3	2247	PsychophysicsToolbox
4.504	0.002	resp	3	2252	PsychophysicsToolbox
4.514	0.002	resp	3	2257	PsychophysicsToolbox
4.524	0.002	resp	3	2262	PsychophysicsToolbox
4.534	0.002	resp	3	2267	PsychophysicsToolbox
4.55	0.002	resp	3	2275	PsychophysicsToolbox
4.56	0.002	resp	3	2280	PsychophysicsToolbox
4.57	0.002	resp	3	2285	PsychophysicsToolbox
4.58	0.002	resp	3	2290	PsychophysicsToolbox
4.59	0.002	resp	3	2295	PsychophysicsToolbox
5.108	0.002	stim_on	4	2554	PsychophysicsToolbox
5.858	0.002	resp	3	2929	PsychophysicsToolbox
5.87	0.002	resp	3	2935	PsychophysicsToolbox
5.88	0.002	resp	3	2940	PsychophysicsToolbox
5.89	0.002	resp	3	2945	PsychophysicsToolbox
5.9	0.002	resp	3	2950	PsychophysicsToolbox
5.91	0.002	resp	3	2955	PsychophysicsToolbox
5.92	0.002	resp	3	2960	PsychophysicsToolbox
5.93	0.002	resp	3	2965	PsychophysicsToolbox
5.94	0.002	resp	3	2970	PsychophysicsToolbox
5.956	0.002	resp	3	2978	PsychophysicsToolbox
5.966	0.002	resp	3	2983	PsychophysicsToolbox
5.976	0.002	resp	3	2988	PsychophysicsToolbox
6.476	0.002	stim_on	4	3238	PsychophysicsToolbox
7.462	0.002	resp	3	3731	PsychophysicsToolbox
7.48	0.002	resp	3	3740	PsychophysicsToolbox
7.49	0.002	resp	3	3745	PsychophysicsToolbox
7.5	0.002	resp	3	3750	PsychophysicsToolbox
7.51	0.002	resp	3	3755	PsychophysicsToolbox
7.52	0.002	resp	3	3760	PsychophysicsToolbox
7.53	0.002	resp	3	3765	PsychophysicsToolbox
7.54	0.002	resp	3	3770	PsychophysicsToolbox
7.55	0.002	resp	3	3775	PsychophysicsToolbox
7.56	0.002	resp	3	3780	PsychophysicsToolbox
7.57	0.002	resp	3	3785	PsychophysicsToolbox
8.196	0.002	stim_on	4	4098	PsychophysicsToolbox
8.984	0.002	resp	3	4492	PsychophysicsToolbox
8.998	0.002	resp	3	4499	PsychophysicsToolbox
9.008	0.002	resp	3	4504	PsychophysicsToolbox
9.018	0.002	resp	3	4509	PsychophysicsToolbox
9.028	0.002	resp	3	4514	PsychophysicsToolbox
9.038	0.002	resp	3	4519	PsychophysicsToolbox
9.048	0.002	resp	3	4524	PsychophysicsToolbox
9.058	0.002	resp	3	4529	PsychophysicsToolbox
9.068	0.002	resp	3	4534	PsychophysicsToolbox
9.078	0.002	resp	3	4539	PsychophysicsToolbox
9.088	0.002	resp	3	4544	PsychophysicsToolbox
9.098	0.002	resp	3	4549	PsychophysicsToolbox
9.108	0.002	resp	3	4554	PsychophysicsToolbox
9.682	0.002	stim_on	4	4841	PsychophysicsToolbox
10.484	0.002	resp	3	5242	PsychophysicsToolbox
10.496	0.002	resp	3	5248	PsychophysicsToolbox
10.506	0.002	resp	3	5253	PsychophysicsToolbox
10.522	0.002	resp	3	5261	PsychophysicsToolbox
10.532	0.002	resp	3	5266	PsychophysicsToolbox
10.542	0.002	resp	3	5271	PsychophysicsToolbox
10.552	0.002	resp	3	5276	PsychophysicsToolbox
10.562	0.002	resp	3	5281	PsychophysicsToolbox
10.572	0.002	resp	3	5286	PsychophysicsToolbox
10.582	0.002	resp	3	5291	PsychophysicsToolbox
10.592	0.002	resp	3	5296	PsychophysicsToolbox
10.602	0.002	resp	3	5301	PsychophysicsToolbox
10.612	0.002	resp	3	5306	PsychophysicsToolbox
10.622	0.002	resp	3	5311	PsychophysicsToolbox
10.632	0.002	resp	3	5316	PsychophysicsToolbox
10.642	0.002	resp	3	5321	PsychophysicsToolbox
11.036	0.002	stim_on	4	5518	PsychophysicsToolbox
11.854	0.002	resp	3	5927	PsychophysicsToolbox
11.872	0.002	resp	3	5936	PsychophysicsToolbox
11.882	0.002	resp	3	5941	PsychophysicsToolbox
11.892	0.002	resp	3	5946	PsychophysicsToolbox
11.902	0.002	resp	3	5951	PsychophysicsToolbox
11.912	0.002	resp	3	5956	PsychophysicsToolbox
11.922	0.002	resp	3	5961	PsychophysicsToolbox
11.932	0.002	resp	3	5966	PsychophysicsToolbox
11.942	0.002	resp	3	5971	PsychophysicsToolbox
11.958	0.002	resp	3	5979	PsychophysicsToolbox
11.968	0.002	resp	3	5984	PsychophysicsToolbox
12.638	0.002	stim_on	4	6319	PsychophysicsToolbox
13.522	0.002	resp	3	6761	PsychophysicsToolbox
13.54	0.002	resp	3	6770	PsychophysicsToolbox
13.55	0.002	resp	3	6775	PsychophysicsToolbox
13.56	0.002	resp	3	6780	PsychophysicsToolbox
13.57	0.002	resp	3	6785	PsychophysicsToolbox
13.58	0.002	resp	3	6790	PsychophysicsToolbox
13.596	0.002	resp	3	6798	PsychophysicsToolbox
13.606	0.002	resp	3	6803	PsychophysicsToolbox
13.616	0.002	resp	3	6808	PsychophysicsToolbox
13.626	0.002	resp	3	6813	PsychophysicsToolbox
13.636	0.002	resp	3	6818	PsychophysicsToolbox
14.158	0.002	stim_on	4	7079	PsychophysicsToolbox
14.954	0.002	resp	3	7477	PsychophysicsToolbox
14.972	0.002	resp	3	7486	PsychophysicsToolbox
14.982	0.002	resp	3	7491	PsychophysicsToolbox
14.992	0.002	resp	3	7496	PsychophysicsToolbox
15.002	0.002	resp	3	7501	PsychophysicsToolbox
15.012	0.002	resp	3	7506	PsychophysicsToolbox
15.022	0.002	resp	3	7511	PsychophysicsToolbox
15.032	0.002	resp	3	7516	PsychophysicsToolbox
15.042	0.002	resp	3	7521	PsychophysicsToolbox
15.052	0.002	resp	3	7526	PsychophysicsToolbox
15.61	0.002	stim_on	4	7805	PsychophysicsToolbox
16.366	0.002	resp	3	8183	PsychophysicsToolbox
16.384	0.002	resp	3	8192	PsychophysicsToolbox
16.394	0.002	resp	3	8197	PsychophysicsToolbox
16.404	0.002	resp	3	8202	PsychophysicsToolbox
16.414	0.002	resp	3	8207	PsychophysicsToolbox
16.424	0.002	resp	3	8212	PsychophysicsToolbox
16.434	0.002	resp	3	8217	PsychophysicsToolbox
16.444	0.002	resp	3	8222	PsychophysicsToolbox
16.454	0.002	resp	3	8227	PsychophysicsToolbox
16.464	0.002	resp	3	8232	PsychophysicsToolbox
16.474	0.002	resp	3	8237	PsychophysicsToolbox
16.484	0.002	resp	3	8242	PsychophysicsToolbox
17.23	0.002	stim_on	4	8615	PsychophysicsToolbox
18.0	0.002	resp	3	9000	PsychophysicsToolbox
18.014	0.002	resp	3	9007	PsychophysicsToolbox
18.024	0.002	resp	3	9012	PsychophysicsToolbox
18.034	0.002	resp	3	9017	PsychophysicsToolbox
18.044	0.002	resp	3	9022	PsychophysicsToolbox
18.054	0.002	resp	3	9027	PsychophysicsToolbox
18.064	0.002	resp	3	9032	PsychophysicsToolbox
18.074	0.002	resp	3	9037	PsychophysicsToolbox
18.084	0.002	resp	3	9042	PsychophysicsToolbox
18.094	0.002	resp	3	9047	PsychophysicsToolbox
18.104	0.002	resp	3	9052	PsychophysicsToolbox
18.114	0.002	resp	3	9057	PsychophysicsToolbox
18.124	0.002	resp	3	9062	PsychophysicsToolbox
18.134	0.002	resp	3	9067	PsychophysicsToolbox
18.882	0.002	stim_on	4	9441	PsychophysicsToolbox
19.85	0.002	resp	3	9925	PsychophysicsToolbox
19.864	0.002	resp	3	9932	PsychophysicsToolbox
19.874	0.002	resp	3	9937	PsychophysicsToolbox
19.884	0.002	resp	3	9942	PsychophysicsToolbox
19.894	0.002	resp	3	9947	PsychophysicsToolbox
19.904	0.002	resp	3	9952	PsychophysicsToolbox
19.914	0.002	resp	3	9957	PsychophysicsToolbox
19.924	0.002	resp	3	9962	PsychophysicsToolbox
19.934	0.002	resp	3	9967	PsychophysicsToolbox
19.944	0.002	resp	3	9972	PsychophysicsToolbox
19.954	0.002	resp	3	9977	PsychophysicsToolbox
19.964	0.002	resp	3	9982	PsychophysicsToolbox
19.974	0.002	resp	3	9987	PsychophysicsToolbox
19.99	0.002	resp	3	9995	PsychophysicsToolbox
20.302	0.002	stim_on	4	10151	PsychophysicsToolbox
21.142	0.002	resp	3	10571	PsychophysicsToolbox
21.156	0.002	resp	3	10578	PsychophysicsToolbox
21.166	0.002	resp	3	10583	PsychophysicsToolbox
21.176	0.002	resp	3	10588	PsychophysicsToolbox
21.186	0.002	resp	3	10593	PsychophysicsToolbox
21.196	0.002	resp	3	10598	PsychophysicsToolbox
21.206	0.002	resp	3	10603	PsychophysicsToolbox
21.216	0.002	resp	3	10608	PsychophysicsToolbox
21.226	0.002	resp	3	10613	PsychophysicsToolbox
21.236	0.002	resp	3	10618	PsychophysicsToolbox
21.252	0.002	resp	3	10626	PsychophysicsToolbox
21.262	0.002	resp	3	10631	PsychophysicsToolbox
21.272	0.002	resp	3	10636	PsychophysicsToolbox
21.282	0.002	resp	3	10641	PsychophysicsToolbox
21.292	0.002	resp	3	10646	PsychophysicsToolbox
21.838	0.002	stim_on	4	10919	PsychophysicsToolbox
22.686	0.002	resp	3	11343	PsychophysicsToolbox
22.704	0.002	resp	3	11352	PsychophysicsToolbox
22.714	0.002	resp	3	11357	PsychophysicsToolbox
22.724	0.002	resp	3	11362	PsychophysicsToolbox
22.734	0.002	resp	3	11367	PsychophysicsToolbox
22.744	0.002	resp	3	11372	PsychophysicsToolbox
22.754	0.002	resp	3	11377	PsychophysicsToolbox
22.77	0.002	resp	3	11385	PsychophysicsToolbox
22.78	0.002	resp	3	11390	PsychophysicsToolbox
22.79	0.002	resp	3	11395	PsychophysicsToolbox
22.8	0.002	resp	3	11400	PsychophysicsToolbox
22.81	0.002	resp	3	11405	PsychophysicsToolbox
22.82	0.002	resp	3	11410	PsychophysicsToolbox
22.83	0.002	resp	3	11415	PsychophysicsToolbox
22.84	0.002	resp	3	11420	PsychophysicsToolbox
23.342	0.002	stim_on	4	11671	PsychophysicsToolbox
24.088	0.002	resp	3	12044	PsychophysicsToolbox
24.1	0.002	resp	3	12050	PsychophysicsToolbox
24.11	0.002	resp	3	12055	PsychophysicsToolbox
24.12	0.002	resp	3	12060	PsychophysicsToolbox
24.13	0.002	resp	3	12065	PsychophysicsToolbox
24.146	0.002	resp	3	12073	PsychophysicsToolbox
24.156	0.002	resp	3	12078	PsychophysicsToolbox
24.166	0.002	resp	3	12083	PsychophysicsToolbox
24.176	0.002	resp	3	12088	PsychophysicsToolbox
24.186	0.002	resp	3	12093	PsychophysicsToolbox
24.196	0.002	resp	3	12098	PsychophysicsToolbox
24.206	0.002	resp	3	12103	PsychophysicsToolbox
24.216	0.002	resp	3	12108	PsychophysicsToolbox
24.226	0.002	resp	3	12113	PsychophysicsToolbox
24.236	0.002	resp	3	12118	PsychophysicsToolbox
24.728	0.002	stim_on	4	12364	PsychophysicsToolbox
25.58	0.002	resp	3	12790	PsychophysicsToolbox
25.604	0.002	resp	3	12802	PsychophysicsToolbox
25.614	0.002	resp	3	12807	PsychophysicsToolbox
25.624	0.002	resp	3	12812	PsychophysicsToolbox
25.634	0.002	resp	3	12817	PsychophysicsToolbox
25.644	0.002	resp	3	12822	PsychophysicsToolbox
25.654	0.002	resp	3	12827	PsychophysicsToolbox
25.664	0.002	resp	3	12832	PsychophysicsToolbox
25.674	0.002	resp	3	12837	PsychophysicsToolbox
25.684	0.002	resp	3	12842	PsychophysicsToolbox
25.694	0.002	resp	3	12847	PsychophysicsToolbox
25.7	0.002	resp	3	12850	PsychophysicsToolbox
25.714	0.002	resp	3	12857	PsychophysicsToolbox
26.296	0.002	stim_on	4	13148	PsychophysicsToolbox
27.032	0.002	resp	3	13516	PsychophysicsToolbox
27.05	0.002	resp	3	13525	PsychophysicsToolbox
27.06	0.002	resp	3	13530	PsychophysicsToolbox
27.07	0.002	resp	3	13535	PsychophysicsToolbox
27.08	0.002	resp	3	13540	PsychophysicsToolbox
27.09	0.002	resp	3	13545	PsychophysicsToolbox
27.1	0.002	resp	3	13550	PsychophysicsToolbox
27.11	0.002	resp	3	13555	PsychophysicsToolbox
27.126	0.002	resp	3	13563	PsychophysicsToolbox
27.136	0.002	resp	3	13568	PsychophysicsToolbox
27.146	0.002	resp	3	13573	PsychophysicsToolbox
27.156	0.002	resp	3	13578	PsychophysicsToolbox
28.0	0.002	stim_on	4	14000	PsychophysicsToolbox
28.832	0.002	resp	3	14416	PsychophysicsToolbox
28.85	0.002	resp	3	14425	PsychophysicsToolbox
28.86	0.002	resp	3	14430	PsychophysicsToolbox
28.87	0.002	resp	3	14435	PsychophysicsToolbox
28.88	0.002	resp	3	14440	PsychophysicsToolbox
28.89	0.002	resp	3	14445	PsychophysicsToolbox
28.9	0.002	resp	3	14450	PsychophysicsToolbox
28.91	0.002	resp	3	14455	PsychophysicsToolbox
28.92	0.002	resp	3	14460	PsychophysicsToolbox
28.93	0.002	resp	3	14465	PsychophysicsToolbox
28.94	0.002	resp	3	14470	PsychophysicsToolbox
29.352	0.002	stim_on	4	14676	PsychophysicsToolbox
30.238	0.002	resp	3	15119	PsychophysicsToolbox
30.256	0.002	resp	3	15128	PsychophysicsToolbox
30.266	0.002	resp	3	15133	PsychophysicsToolbox
30.276	0.002	resp	3	15138	PsychophysicsToolbox
30.286	0.002	resp	3	15143	PsychophysicsToolbox
30.296	0.002	resp	3	15148	PsychophysicsToolbox
30.306	0.002	resp	3	15153	PsychophysicsToolbox
30.322	0.002	resp	3	15161	PsychophysicsToolbox
30.332	0.002	resp	3	15166	PsychophysicsToolbox
30.342	0.002	resp	3	15171	PsychophysicsToolbox
31.038	0.002	stim_on	4	15519	PsychophysicsToolbox
31.96	0.002	resp	3	15980	PsychophysicsToolbox
31.978	0.002	resp	3	15989	PsychophysicsToolbox
31.988	0.002	resp	3	15994	PsychophysicsToolbox
31.998	0.002	resp	3	15999	PsychophysicsToolbox
32.008	0.002	resp	3	16004	PsychophysicsToolbox
32.018	0.002	resp	3	16009	PsychophysicsToolbox
32.028	0.002	resp	3	16014	PsychophysicsToolbox
32.038	0.002	resp	3	16019	PsychophysicsToolbox
32.048	0.002	resp	3	16024	PsychophysicsToolbox
32.058	0.002	resp	3	16029	PsychophysicsToolbox
32.068	0.002	resp	3	16034	PsychophysicsToolbox
32.574	0.002	stim_on	4	16287	PsychophysicsToolbox
33.41	0.002	resp	3	16705	PsychophysicsToolbox
33.428	0.002	resp	3	16714	PsychophysicsToolbox
33.438	0.002	resp	3	16719	PsychophysicsToolbox
33.448	0.002	resp	3	16724	PsychophysicsToolbox
33.458	0.002	resp	3	16729	PsychophysicsToolbox
33.468	0.002	resp	3	16734	PsychophysicsToolbox
33.478	0.002	resp	3	16739	PsychophysicsToolbox
33.494	0.002	resp	3	16747	PsychophysicsToolbox
33.504	0.002	resp	3	16752	PsychophysicsToolbox
33.514	0.002	resp	3	16757	PsychophysicsToolbox
33.524	0.002	resp	3	16762	PsychophysicsToolbox
34.062	0.002	stim_on	4	17031	PsychophysicsToolbox
34.996	0.002	resp	3	17498	PsychophysicsToolbox
35.014	0.002	resp	3	17507	PsychophysicsToolbox
35.024	0.002	resp	3	17512	PsychophysicsToolbox
35.034	0.002	resp	3	17517	PsychophysicsToolbox
35.044	0.002	resp	3	17522	PsychophysicsToolbox
35.054	0.002	resp	3	17527	PsychophysicsToolbox
35.064	0.002	resp	3	17532	PsychophysicsToolbox
35.074	0.002	resp	3	17537	PsychophysicsToolbox
35.084	0.002	resp	3	17542	PsychophysicsToolbox
35.094	0.002	resp	3	17547	PsychophysicsToolbox
35.104	0.002	resp	3	17552	PsychophysicsToolbox
35.12	0.002	resp	3	17560	PsychophysicsToolbox
35.13	0.002	resp	3	17565	PsychophysicsToolbox
35.43	0.002	stim_on	4	17715	PsychophysicsToolbox
36.268	0.002	resp	3	18134	PsychophysicsToolbox
36.286	0.002	resp	3	18143	PsychophysicsToolbox
36.296	0.002	resp	3	18148	PsychophysicsToolbox
36.306	0.002	resp	3	18153	PsychophysicsToolbox
36.316	0.002	resp	3	18158	PsychophysicsToolbox
36.326	0.002	resp	3	18163	PsychophysicsToolbox
36.336	0.002	resp	3	18168	PsychophysicsToolbox
36.346	0.002	resp	3	18173	PsychophysicsToolbox
36.356	0.002	resp	3	18178	PsychophysicsToolbox
36.366	0.002	resp	3	18183	PsychophysicsToolbox
36.376	0.002	resp	3	18188	PsychophysicsToolbox
36.392	0.002	resp	3	18196	PsychophysicsToolbox
36.85	0.002	stim_on	4	18425	PsychophysicsToolbox
37.672	0.002	resp	3	18836	PsychophysicsToolbox
37.69	0.002	resp	3	18845	PsychophysicsToolbox
37.7	0.002	resp	3	18850	PsychophysicsToolbox
37.71	0.002	resp	3	18855	PsychophysicsToolbox
37.72	0.002	resp	3	18860	PsychophysicsToolbox
37.73	0.002	resp	3	18865	PsychophysicsToolbox
37.74	0.002	resp	3	18870	PsychophysicsToolbox
37.75	0.002	resp	3	18875	PsychophysicsToolbox
37.76	0.002	resp	3	18880	PsychophysicsToolbox
37.77	0.002	resp	3	18885	PsychophysicsToolbox
37.78	0.002	resp	3	18890	PsychophysicsToolbox
37.79	0.002	resp	3	18895	PsychophysicsToolbox
37.8	0.002	resp	3	18900	PsychophysicsToolbox
38.352	0.002	stim_on	4	19176	PsychophysicsToolbox
39.112	0.002	resp	3	19556	PsychophysicsToolbox
39.124	0.002	resp	3	19562	PsychophysicsToolbox
39.14	0.002	resp	3	19570	PsychophysicsToolbox
39.15	0.002	resp	3	19575	PsychophysicsToolbox
39.16	0.002	resp	3	19580	PsychophysicsToolbox
39.17	0.002	resp	3	19585	PsychophysicsToolbox
39.18	0.002	resp	3	19590	PsychophysicsToolbox
39.19	0.002	resp	3	19595	PsychophysicsToolbox
39.2	0.002	resp	3	19600	PsychophysicsToolbox
39.21	0.002	resp	3	19605	PsychophysicsToolbox
39.22	0.002	resp	3	19610	PsychophysicsToolbox
39.23	0.002	resp	3	19615	PsychophysicsToolbox
39.24	0.002	resp	3	19620	PsychophysicsToolbox
39.888	0.002	stim_on	4	19944	PsychophysicsToolbox
40.682	0.002	resp	3	20341	PsychophysicsToolbox
40.7	0.002	resp	3	20350	PsychophysicsToolbox
40.71	0.002	resp	3	20355	PsychophysicsToolbox
40.726	0.002	resp	3	20363	PsychophysicsToolbox
40.736	0.002	resp	3	20368	PsychophysicsToolbox
40.746	0.002	resp	3	20373	PsychophysicsToolbox
40.756	0.002	resp	3	20378	PsychophysicsToolbox
40.766	0.002	resp	3	20383	PsychophysicsToolbox
40.776	0.002	resp	3	20388	PsychophysicsToolbox
40.786	0.002	resp	3	20393	PsychophysicsToolbox
41.342	0.002	stim_on	4	20671	PsychophysicsToolbox
42.226	0.002	resp	3	21113	PsychophysicsToolbox
42.238	0.002	resp	3	21119	PsychophysicsToolbox
42.254	0.002	resp	3	21127	PsychophysicsToolbox
42.264	0.002	resp	3	21132	PsychophysicsToolbox
42.274	0.002	resp	3	21137	PsychophysicsToolbox
42.284	0.002	resp	3	21142	PsychophysicsToolbox
42.294	0.002	resp	3	21147	PsychophysicsToolbox
42.304	0.002	resp	3	21152	PsychophysicsToolbox
42.314	0.002	resp	3	21157	PsychophysicsToolbox
42.324	0.002	resp	3	21162	PsychophysicsToolbox
42.334	0.002	resp	3	21167	PsychophysicsToolbox
42.344	0.002	resp	3	21172	PsychophysicsToolbox
42.354	0.002	resp	3	21177	PsychophysicsToolbox
42.978	0.002	stim_on	4	21489	PsychophysicsToolbox
43.848	0.002	resp	3	21924	PsychophysicsToolbox
43.862	0.002	resp	3	21931	PsychophysicsToolbox
43.872	0.002	resp	3	21936	PsychophysicsToolbox
43.882	0.002	resp	3	21941	PsychophysicsToolbox
43.892	0.002	resp	3	21946	PsychophysicsToolbox
43.902	0.002	resp	3	21951	PsychophysicsToolbox
43.912	0.002	resp	3	21956	PsychophysicsToolbox
43.928	0.002	resp	3	21964	PsychophysicsToolbox
43.938	0.002	resp	3	21969	PsychophysicsToolbox
43.948	0.002	resp	3	21974	PsychophysicsToolbox
43.958	0.002	resp	3	21979	PsychophysicsToolbox
44.648	0.002	stim_on	4	22324	PsychophysicsToolbox
45.54	0.002	resp	3	22770	PsychophysicsToolbox
45.558	0.002	resp	3	22779	PsychophysicsToolbox
45.568	0.002	resp	3	22784	PsychophysicsToolbox
45.578	0.002	resp	3	22789	PsychophysicsToolbox
45.588	0.002	resp	3	22794	PsychophysicsToolbox
45.598	0.002	resp	3	22799	PsychophysicsToolbox
45.608	0.002	resp	3	22804	PsychophysicsToolbox
45.618	0.002	resp	3	22809	PsychophysicsToolbox
45.628	0.002	resp	3	22814	PsychophysicsToolbox
45.644	0.002	resp	3	22822	PsychophysicsToolbox
45.654	0.002	resp	3	22827	PsychophysicsToolbox
45.664	0.002	resp	3	22832	PsychophysicsToolbox
45.674	0.002	resp	3	22837	PsychophysicsToolbox
46.268	0.002	stim_on	4	23134	PsychophysicsToolbox
47.024	0.002	resp	3	23512	PsychophysicsToolbox
47.048	0.002	resp	3	23524	PsychophysicsToolbox
47.058	0.002	resp	3	23529	PsychophysicsToolbox
47.068	0.002	resp	3	23534	PsychophysicsToolbox
47.078	0.002	resp	3	23539	PsychophysicsToolbox
47.088	0.002	resp	3	23544	PsychophysicsToolbox
47.098	0.002	resp	3	23549	PsychophysicsToolbox
47.108	0.002	resp	3	23554	PsychophysicsToolbox
47.118	0.002	resp	3	23559	PsychophysicsToolbox
47.128	0.002	resp	3	23564	PsychophysicsToolbox
47.138	0.002	resp	3	23569	PsychophysicsToolbox
47.144	0.002	resp	3	23572	PsychophysicsToolbox
47.158	0.002	resp	3	23579	PsychophysicsToolbox
47.168	0.002	resp	3	23584	PsychophysicsToolbox
47.178	0.002	resp	3	23589	PsychophysicsToolbox
47.754	0.002	stim_on	4	23877	PsychophysicsToolbox
48.52	0.002	resp	3	24260	PsychophysicsToolbox
48.534	0.002	resp	3	24267	PsychophysicsToolbox
48.544	0.002	resp	3	24272	PsychophysicsToolbox
48.554	0.002	resp	3	24277	PsychophysicsToolbox
48.564	0.002	resp	3	24282	PsychophysicsToolbox
48.574	0.002	resp	3	24287	PsychophysicsToolbox
48.584	0.002	resp	3	24292	PsychophysicsToolbox
48.594	0.002	resp	3	24297	PsychophysicsToolbox
48.604	0.002	resp	3	24302	PsychophysicsToolbox
48.614	0.002	resp	3	24307	PsychophysicsToolbox
48.624	0.002	resp	3	24312	PsychophysicsToolbox
48.634	0.002	resp	3	24317	PsychophysicsToolbox
48.644	0.002	resp	3	24322	PsychophysicsToolbox
49.306	0.002	stim_on	4	24653	PsychophysicsToolbox
50.008	0.002	resp	3	25004	PsychophysicsToolbox
50.026	0.002	resp	3	25013	PsychophysicsToolbox
50.036	0.002	resp	3	25018	PsychophysicsToolbox
50.046	0.002	resp	3	25023	PsychophysicsToolbox
50.056	0.002	resp	3	25028	PsychophysicsToolbox
50.066	0.002	resp	3	25033	PsychophysicsToolbox
50.076	0.002	resp	3	25038	PsychophysicsToolbox
50.086	0.002	resp	3	25043	PsychophysicsToolbox
50.096	0.002	resp	3	25048	PsychophysicsToolbox
50.106	0.002	resp	3	25053	PsychophysicsToolbox
50.116	0.002	resp	3	25058	PsychophysicsToolbox
50.126	0.002	resp	3	25063	PsychophysicsToolbox
50.142	0.002	resp	3	25071	PsychophysicsToolbox
50.876	0.002	stim_on	4	25438	PsychophysicsToolbox
51.634	0.002	resp	3	25817	PsychophysicsToolbox
51.648	0.002	resp	3	25824	PsychophysicsToolbox
51.658	0.002	resp	3	25829	PsychophysicsToolbox
51.668	0.002	resp	3	25834	PsychophysicsToolbox
51.678	0.002	resp	3	25839	PsychophysicsToolbox
51.688	0.002	resp	3	25844	PsychophysicsToolbox
51.698	0.002	resp	3	25849	PsychophysicsToolbox
51.708	0.002	resp	3	25854	PsychophysicsToolbox
51.718	0.002	resp	3	25859	PsychophysicsToolbox
51.728	0.002	resp	3	25864	PsychophysicsToolbox
51.738	0.002	resp	3	25869	PsychophysicsToolbox
51.748	0.002	resp	3	25874	PsychophysicsToolbox
51.758	0.002	resp	3	25879	PsychophysicsToolbox
52.244	0.002	stim_on	4	26122	PsychophysicsToolbox
53.124	0.002	resp	3	26562	PsychophysicsToolbox
53.138	0.002	resp	3	26569	PsychophysicsToolbox
53.148	0.002	resp	3	26574	PsychophysicsToolbox
53.158	0.002	resp	3	26579	PsychophysicsToolbox
53.168	0.002	resp	3	26584	PsychophysicsToolbox
53.178	0.002	resp	3	26589	PsychophysicsToolbox
53.188	0.002	resp	3	26594	PsychophysicsToolbox
53.198	0.002	resp	3	26599	PsychophysicsToolbox
53.208	0.002	resp	3	26604	PsychophysicsToolbox
53.218	0.002	resp	3	26609	PsychophysicsToolbox
53.228	0.002	resp	3	26614	PsychophysicsToolbox
53.238	0.002	resp	3	26619	PsychophysicsToolbox
53.764	0.002	stim_on	4	26882	PsychophysicsToolbox
54.496	0.002	resp	3	27248	PsychophysicsToolbox
54.508	0.002	resp	3	27254	PsychophysicsToolbox
54.518	0.002	resp	3	27259	PsychophysicsToolbox
54.528	0.002	resp	3	27264	PsychophysicsToolbox
54.538	0.002	resp	3	27269	PsychophysicsToolbox
54.548	0.002	resp	3	27274	PsychophysicsToolbox
54.558	0.002	resp	3	27279	PsychophysicsToolbox
54.568	0.002	resp	3	27284	PsychophysicsToolbox
54.578	0.002	resp	3	27289	PsychophysicsToolbox
54.588	0.002	resp	3	27294	PsychophysicsToolbox
54.598	0.002	resp	3	27299	PsychophysicsToolbox
54.608	0.002	resp	3	27304	PsychophysicsToolbox
54.624	0.002	resp	3	27312	PsychophysicsToolbox
54.634	0.002	resp	3	27317	PsychophysicsToolbox
54.644	0.002	resp	3	27322	PsychophysicsToolbox
54.654	0.002	resp	3	27327	PsychophysicsToolbox
54.664	0.002	resp	3	27332	PsychophysicsToolbox
54.674	0.002	resp	3	27337	PsychophysicsToolbox
55.2	0.002	stim_on	4	27600	PsychophysicsToolbox
55.866	0.002	resp	3	27933	PsychophysicsToolbox
55.884	0.002	resp	3	27942	PsychophysicsToolbox
55.894	0.002	resp	3	27947	PsychophysicsToolbox
56.754	0.002	stim_on	4	28377	PsychophysicsToolbox
57.456	0.002	resp	3	28728	PsychophysicsToolbox
57.47	0.002	resp	3	28735	PsychophysicsToolbox
57.48	0.002	resp	3	28740	PsychophysicsToolbox
57.49	0.002	resp	3	28745	PsychophysicsToolbox
57.5	0.002	resp	3	28750	PsychophysicsToolbox
57.51	0.002	resp	3	28755	PsychophysicsToolbox
57.52	0.002	resp	3	28760	PsychophysicsToolbox
57.53	0.002	resp	3	28765	PsychophysicsToolbox
57.54	0.002	resp	3	28770	PsychophysicsToolbox
57.55	0.002	resp	3	28775	PsychophysicsToolbox
57.56	0.002	resp	3	28780	PsychophysicsToolbox
57.57	0.002	resp	3	28785	PsychophysicsToolbox
57.58	0.002	resp	3	28790	PsychophysicsToolbox
57.59	0.002	resp	3	28795	PsychophysicsToolbox
58.456	0.002	stim_on	4	29228	PsychophysicsToolbox
59.24	0.002	resp	3	29620	PsychophysicsToolbox
59.258	0.002	resp	3	29629	PsychophysicsToolbox
59.268	0.002	resp	3	29634	PsychophysicsToolbox
59.278	0.002	resp	3	29639	PsychophysicsToolbox
59.288	0.002	resp	3	29644	PsychophysicsToolbox
59.298	0.002	resp	3	29649	PsychophysicsToolbox
59.308	0.002	resp	3	29654	PsychophysicsToolbox
59.318	0.002	resp	3	29659	PsychophysicsToolbox
59.328	0.002	resp	3	29664	PsychophysicsToolbox
59.338	0.002	resp	3	29669	PsychophysicsToolbox
59.354	0.002	resp	3	29677	PsychophysicsToolbox
59.364	0.002	resp	3	29682	PsychophysicsToolbox
59.374	0.002	resp	3	29687	PsychophysicsToolbox
59.384	0.002	resp	3	29692	PsychophysicsToolbox
59.394	0.002	resp	3	29697	PsychophysicsToolbox
59.404	0.002	resp	3	29702	PsychophysicsToolbox
59.414	0.002	resp	3	29707	PsychophysicsToolbox
59.942	0.002	stim_on	4	29971	PsychophysicsToolbox
60.766	0.002	resp	3	30383	PsychophysicsToolbox
60.78	0.002	resp	3	30390	PsychophysicsToolbox
60.79	0.002	resp	3	30395	PsychophysicsToolbox
60.8	0.002	resp	3	30400	PsychophysicsToolbox
60.81	0.002	resp	3	30405	PsychophysicsToolbox
60.82	0.002	resp	3	30410	PsychophysicsToolbox
60.83	0.002	resp	3	30415	PsychophysicsToolbox
60.84	0.002	resp	3	30420	PsychophysicsToolbox
60.85	0.002	resp	3	30425	PsychophysicsToolbox
60.86	0.002	resp	3	30430	PsychophysicsToolbox
60.87	0.002	resp	3	30435	PsychophysicsToolbox
60.88	0.002	resp	3	30440	PsychophysicsToolbox
60.89	0.002	resp	3	30445	PsychophysicsToolbox
60.9	0.002	resp	3	30450	PsychophysicsToolbox
61.262	0.002	stim_on	4	30631	PsychophysicsToolbox
62.052	0.002	resp	3	31026	PsychophysicsToolbox
62.066	0.002	resp	3	31033	PsychophysicsToolbox
62.076	0.002	resp	3	31038	PsychophysicsToolbox
62.086	0.002	resp	3	31043	PsychophysicsToolbox
62.096	0.002	resp	3	31048	PsychophysicsToolbox
62.112	0.002	resp	3	31056	PsychophysicsToolbox
62.122	0.002	resp	3	31061	PsychophysicsToolbox
62.132	0.002	resp	3	31066	PsychophysicsToolbox
62.142	0.002	resp	3	31071	PsychophysicsToolbox
62.152	0.002	resp	3	31076	PsychophysicsToolbox
62.162	0.002	resp	3	31081	PsychophysicsToolbox
62.172	0.002	resp	3	31086	PsychophysicsToolbox
62.182	0.002	resp	3	31091	PsychophysicsToolbox
62.192	0.002	resp	3	31096	PsychophysicsToolbox
62.202	0.002	resp	3	31101	PsychophysicsToolbox
62.212	0.002	resp	3	31106	PsychophysicsToolbox
62.964	0.002	stim_on	4	31482	PsychophysicsToolbox
63.636	0.002	resp	3	31818	PsychophysicsToolbox
63.654	0.002	resp	3	31827	PsychophysicsToolbox
64.652	0.002	stim_on	4	32326	PsychophysicsToolbox
65.57	0.002	resp	3	32785	PsychophysicsToolbox
65.582	0.002	resp	3	32791	PsychophysicsToolbox
65.598	0.002	resp	3	32799	PsychophysicsToolbox
65.608	0.002	resp	3	32804	PsychophysicsToolbox
65.618	0.002	resp	3	32809	PsychophysicsToolbox
65.628	0.002	resp	3	32814	PsychophysicsToolbox
65.638	0.002	resp	3	32819	PsychophysicsToolbox
65.648	0.002	resp	3	32824	PsychophysicsToolbox
65.658	0.002	resp	3	32829	PsychophysicsToolbox
65.668	0.002	resp	3	32834	PsychophysicsToolbox
65.678	0.002	resp	3	32839	PsychophysicsToolbox
66.104	0.002	stim_on	4	33052	PsychophysicsToolbox
66.828	0.002	resp	3	33414	PsychophysicsToolbox
66.846	0.002	resp	3	33423	PsychophysicsToolbox
66.856	0.002	resp	3	33428	PsychophysicsToolbox
66.866	0.002	resp	3	33433	PsychophysicsToolbox
66.876	0.002	resp	3	33438	PsychophysicsToolbox
66.886	0.002	resp	3	33443	PsychophysicsToolbox
66.896	0.002	resp	3	33448	PsychophysicsToolbox
66.906	0.002	resp	3	33453	PsychophysicsToolbox
66.922	0.002	resp	3	33461	PsychophysicsToolbox
66.932	0.002	resp	3	33466	PsychophysicsToolbox
66.942	0.002	resp	3	33471	PsychophysicsToolbox
67.524	0.002	stim_on	4	33762	PsychophysicsToolbox
68.234	0.002	resp	3	34117	PsychophysicsToolbox
68.252	0.002	resp	3	34126	PsychophysicsToolbox
68.268	0.002	resp	3	34134	PsychophysicsToolbox
68.278	0.002	resp	3	34139	PsychophysicsToolbox
68.288	0.002	resp	3	34144	PsychophysicsToolbox
68.298	0.002	resp	3	34149	PsychophysicsToolbox
68.308	0.002	resp	3	34154	PsychophysicsToolbox
68.318	0.002	resp	3	34159	PsychophysicsToolbox
68.328	0.002	resp	3	34164	PsychophysicsToolbox
68.338	0.002	resp	3	34169	PsychophysicsToolbox
68.348	0.002	resp	3	34174	PsychophysicsToolbox
68.358	0.002	resp	3	34179	PsychophysicsToolbox
68.368	0.002	resp	3	34184	PsychophysicsToolbox
68.378	0.002	resp	3	34189	PsychophysicsToolbox
69.16	0.002	stim_on	4	34580	PsychophysicsToolbox
69.86	0.002	resp	3	34930	PsychophysicsToolbox
69.874	0.002	resp	3	34937	PsychophysicsToolbox
69.884	0.002	resp	3	34942	PsychophysicsToolbox
69.894	0.002	resp	3	34947	PsychophysicsToolbox
69.91	0.002	resp	3	34955	PsychophysicsToolbox
69.92	0.002	resp	3	34960	PsychophysicsToolbox
69.93	0.002	resp	3	34965	PsychophysicsToolbox
69.94	0.002	resp	3	34970	PsychophysicsToolbox
69.95	0.002	resp	3	34975	PsychophysicsToolbox
69.96	0.002	resp	3	34980	PsychophysicsToolbox
69.97	0.002	resp	3	34985	PsychophysicsToolbox
69.98	0.002	resp	3	34990	PsychophysicsToolbox
69.99	0.002	resp	3	34995	PsychophysicsToolbox
70.0	0.002	resp	3	35000	PsychophysicsToolbox
70.678	0.002	stim_on	4	35339	PsychophysicsToolbox
71.532	0.002	resp	3	35766	PsychophysicsToolbox
71.546	0.002	resp	3	35773	PsychophysicsToolbox
71.556	0.002	resp	3	35778	PsychophysicsToolbox
71.566	0.002	resp	3	35783	PsychophysicsToolbox
71.576	0.002	resp	3	35788	PsychophysicsToolbox
71.586	0.002	resp	3	35793	PsychophysicsToolbox
71.596	0.002	resp	3	35798	PsychophysicsToolbox
71.606	0.002	resp	3	35803	PsychophysicsToolbox
71.616	0.002	resp	3	35808	PsychophysicsToolbox
71.626	0.002	resp	3	35813	PsychophysicsToolbox
71.642	0.002	resp	3	35821	PsychophysicsToolbox
72.216	0.002	stim_on	4	36108	PsychophysicsToolbox
73.002	0.002	resp	3	36501	PsychophysicsToolbox
73.016	0.002	resp	3	36508	PsychophysicsToolbox
73.026	0.002	resp	3	36513	PsychophysicsToolbox
73.042	0.002	resp	3	36521	PsychophysicsToolbox
73.052	0.002	resp	3	36526	PsychophysicsToolbox
73.062	0.002	resp	3	36531	PsychophysicsToolbox
73.072	0.002	resp	3	36536	PsychophysicsToolbox
73.082	0.002	resp	3	36541	PsychophysicsToolbox
73.092	0.002	resp	3	36546	PsychophysicsToolbox
73.102	0.002	resp	3	36551	PsychophysicsToolbox
73.112	0.002	resp	3	36556	PsychophysicsToolbox
73.122	0.002	resp	3	36561	PsychophysicsToolbox
73.802	0.002	stim_on	4	36901	PsychophysicsToolbox
74.532	0.002	resp	3	37266	PsychophysicsToolbox
74.546	0.002	resp	3	37273	PsychophysicsToolbox
74.556	0.002	resp	3	37278	PsychophysicsToolbox
74.566	0.002	resp	3	37283	PsychophysicsToolbox
74.576	0.002	resp	3	37288	PsychophysicsToolbox
74.586	0.002	resp	3	37293	PsychophysicsToolbox
74.596	0.002	resp	3	37298	PsychophysicsToolbox
74.606	0.002	resp	3	37303	PsychophysicsToolbox
74.616	0.002	resp	3	37308	PsychophysicsToolbox
74.626	0.002	resp	3	37313	PsychophysicsToolbox
74.636	0.002	resp	3	37318	PsychophysicsToolbox
74.646	0.002	resp	3	37323	PsychophysicsToolbox
74.656	0.002	resp	3	37328	PsychophysicsToolbox
75.154	0.002	stim_on	4	37577	PsychophysicsToolbox
75.856	0.002	resp	3	37928	PsychophysicsToolbox
75.874	0.002	resp	3	37937	PsychophysicsToolbox
75.884	0.002	resp	3	37942	PsychophysicsToolbox
75.894	0.002	resp	3	37947	PsychophysicsToolbox
75.904	0.002	resp	3	37952	PsychophysicsToolbox
75.914	0.002	resp	3	37957	PsychophysicsToolbox
75.924	0.002	resp	3	37962	PsychophysicsToolbox
75.934	0.002	resp	3	37967	PsychophysicsToolbox
75.944	0.002	resp	3	37972	PsychophysicsToolbox
76.824	0.002	stim_on	4	38412	PsychophysicsToolbox
77.632	0.002	resp	3	38816	PsychophysicsToolbox
77.65	0.002	resp	3	38825	PsychophysicsToolbox
77.66	0.002	resp	3	38830	PsychophysicsToolbox
77.67	0.002	resp	3	38835	PsychophysicsToolbox
77.68	0.002	resp	3	38840	PsychophysicsToolbox
77.696	0.002	resp	3	38848	PsychophysicsToolbox
77.706	0.002	resp	3	38853	PsychophysicsToolbox
77.716	0.002	resp	3	38858	PsychophysicsToolbox
78.526	0.002	stim_on	4	39263	PsychophysicsToolbox
79.26	0.002	resp	3	39630	PsychophysicsToolbox
79.274	0.002	resp	3	39637	PsychophysicsToolbox
79.284	0.002	resp	3	39642	PsychophysicsToolbox
79.294	0.002	resp	3	39647	PsychophysicsToolbox
79.304	0.002	resp	3	39652	PsychophysicsToolbox
79.314	0.002	resp	3	39657	PsychophysicsToolbox
79.33	0.002	resp	3	39665	PsychophysicsToolbox
79.34	0.002	resp	3	39670	PsychophysicsToolbox
79.35	0.002	resp	3	39675	PsychophysicsToolbox
79.36	0.002	resp	3	39680	PsychophysicsToolbox
79.37	0.002	resp	3	39685	PsychophysicsToolbox
79.38	0.002	resp	3	39690	PsychophysicsToolbox
79.39	0.002	resp	3	39695	PsychophysicsToolbox
79.4	0.002	resp	3	39700	PsychophysicsToolbox
79.41	0.002	resp	3	39705	PsychophysicsToolbox
79.88	0.002	stim_on	4	39940	PsychophysicsToolbox
80.69	0.002	resp	3	40345	PsychophysicsToolbox
80.708	0.002	resp	3	40354	PsychophysicsToolbox
80.718	0.002	resp	3	40359	PsychophysicsToolbox
80.734	0.002	resp	3	40367	PsychophysicsToolbox
80.744	0.002	resp	3	40372	PsychophysicsToolbox
80.754	0.002	resp	3	40377	PsychophysicsToolbox
80.764	0.002	resp	3	40382	PsychophysicsToolbox
80.774	0.002	resp	3	40387	PsychophysicsToolbox
80.784	0.002	resp	3	40392	PsychophysicsToolbox
80.794	0.002	resp	3	40397	PsychophysicsToolbox
80.804	0.002	resp	3	40402	PsychophysicsToolbox
80.814	0.002	resp	3	40407	PsychophysicsToolbox
81.532	0.002	stim_on	4	40766	PsychophysicsToolbox
82.208	0.002	resp	3	41104	PsychophysicsToolbox
82.214	0.002	resp	3	41107	PsychophysicsToolbox
83.218	0.002	stim_on	4	41609	PsychophysicsToolbox
83.946	0.002	resp	3	41973	PsychophysicsToolbox
83.96	0.002	resp	3	41980	PsychophysicsToolbox
83.97	0.002	resp	3	41985	PsychophysicsToolbox
83.98	0.002	resp	3	41990	PsychophysicsToolbox
83.99	0.002	resp	3	41995	PsychophysicsToolbox
84.0	0.002	resp	3	42000	PsychophysicsToolbox
84.01	0.002	resp	3	42005	PsychophysicsToolbox
84.02	0.002	resp	3	42010	PsychophysicsToolbox
84.03	0.002	resp	3	42015	PsychophysicsToolbox
84.04	0.002	resp	3	42020	PsychophysicsToolbox
84.05	0.002	resp	3	42025	PsychophysicsToolbox
84.06	0.002	resp	3	42030	PsychophysicsToolbox
84.07	0.002	resp	3	42035	PsychophysicsToolbox
84.538	0.002	stim_on	4	42269	PsychophysicsToolbox
85.356	0.002	resp	3	42678	PsychophysicsToolbox
85.368	0.002	resp	3	42684	PsychophysicsToolbox
85.384	0.002	resp	3	42692	PsychophysicsToolbox
85.394	0.002	resp	3	42697	PsychophysicsToolbox
85.404	0.002	resp	3	42702	PsychophysicsToolbox
85.414	0.002	resp	3	42707	PsychophysicsToolbox
85.424	0.002	resp	3	42712	PsychophysicsToolbox
85.434	0.002	resp	3	42717	PsychophysicsToolbox
85.444	0.002	resp	3	42722	PsychophysicsToolbox
85.454	0.002	resp	3	42727	PsychophysicsToolbox
85.464	0.002	resp	3	42732	PsychophysicsToolbox
85.474	0.002	resp	3	42737	PsychophysicsToolbox
85.484	0.002	resp	3	42742	PsychophysicsToolbox
85.494	0.002	resp	3	42747	PsychophysicsToolbox
86.074	0.002	stim_on	4	43037	PsychophysicsToolbox
86.8	0.002	resp	3	43400	PsychophysicsToolbox
86.814	0.002	resp	3	43407	PsychophysicsToolbox
86.824	0.002	resp	3	43412	PsychophysicsToolbox
86.834	0.002	resp	3	43417	PsychophysicsToolbox
86.85	0.002	resp	3	43425	PsychophysicsToolbox
86.86	0.002	resp	3	43430	PsychophysicsToolbox
86.87	0.002	resp	3	43435	PsychophysicsToolbox
86.88	0.002	resp	3	43440	PsychophysicsToolbox
86.89	0.002	resp	3	43445	PsychophysicsToolbox
86.9	0.002	resp	3	43450	PsychophysicsToolbox
86.91	0.002	resp	3	43455	PsychophysicsToolbox
86.92	0.002	resp	3	43460	PsychophysicsToolbox
86.93	0.002	resp	3	43465	PsychophysicsToolbox
86.94	0.002	resp	3	43470	PsychophysicsToolbox
86.95	0.002	resp	3	43475	PsychophysicsToolbox
87.66	0.002	stim_on	4	43830	PsychophysicsToolbox
88.414	0.002	resp	3	44207	PsychophysicsToolbox
88.428	0.002	resp	3	44214	PsychophysicsToolbox
88.438	0.002	resp	3	44219	PsychophysicsToolbox
88.448	0.002	resp	3	44224	PsychophysicsToolbox
88.458	0.002	resp	3	44229	PsychophysicsToolbox
88.468	0.002	resp	3	44234	PsychophysicsToolbox
88.478	0.002	resp	3	44239	PsychophysicsToolbox
88.488	0.002	resp	3	44244	PsychophysicsToolbox
88.498	0.002	resp	3	44249	PsychophysicsToolbox
88.508	0.002	resp	3	44254	PsychophysicsToolbox
88.518	0.002	resp	3	44259	PsychophysicsToolbox
88.528	0.002	resp	3	44264	PsychophysicsToolbox
89.13	0.002	stim_on	4	44565	PsychophysicsToolbox
89.8	0.002	resp	3	44900	PsychophysicsToolbox
89.814	0.002	resp	3	44907	PsychophysicsToolbox
89.824	0.002	resp	3	44912	PsychophysicsToolbox
90.716	0.002	stim_on	4	45358	PsychophysicsToolbox
91.464	0.002	resp	3	45732	PsychophysicsToolbox
91.478	0.002	resp	3	45739	PsychophysicsToolbox
91.488	0.002	resp	3	45744	PsychophysicsToolbox
91.498	0.002	resp	3	45749	PsychophysicsToolbox
91.508	0.002	resp	3	45754	PsychophysicsToolbox
91.518	0.002	resp	3	45759	PsychophysicsToolbox
91.528	0.002	resp	3	45764	PsychophysicsToolbox
91.538	0.002	resp	3	45769	PsychophysicsToolbox
91.548	0.002	resp	3	45774	PsychophysicsToolbox
91.558	0.002	resp	3	45779	PsychophysicsToolbox
91.568	0.002	resp	3	45784	PsychophysicsToolbox
91.578	0.002	resp	3	45789	PsychophysicsToolbox
91.588	0.002	resp	3	45794	PsychophysicsToolbox
91.598	0.002	resp	3	45799	PsychophysicsToolbox
91.608	0.002	resp	3	45804	PsychophysicsToolbox
92.336	0.002	stim_on	4	46168	PsychophysicsToolbox
93.194	0.002	resp	3	46597	PsychophysicsToolbox
93.208	0.002	resp	3	46604	PsychophysicsToolbox
93.218	0.002	resp	3	46609	PsychophysicsToolbox
93.228	0.002	resp	3	46614	PsychophysicsToolbox
93.238	0.002	resp	3	46619	PsychophysicsToolbox
93.248	0.002	resp	3	46624	PsychophysicsToolbox
93.258	0.002	resp	3	46629	PsychophysicsToolbox
93.268	0.002	resp	3	46634	PsychophysicsToolbox
93.278	0.002	resp	3	46639	PsychophysicsToolbox
93.288	0.002	resp	3	46644	PsychophysicsToolbox
93.298	0.002	resp	3	46649	PsychophysicsToolbox
93.308	0.002	resp	3	46654	PsychophysicsToolbox
93.888	0.002	stim_on	4	46944	PsychophysicsToolbox
94.72	0.002	resp	3	47360	PsychophysicsToolbox
94.734	0.002	resp	3	47367	PsychophysicsToolbox
94.744	0.002	resp	3	47372	PsychophysicsToolbox
94.754	0.002	resp	3	47377	PsychophysicsToolbox
94.764	0.002	resp	3	47382	PsychophysicsToolbox
94.774	0.002	resp	3	47387	PsychophysicsToolbox
94.784	0.002	resp	3	47392	PsychophysicsToolbox
94.794	0.002	resp	3	47397	PsychophysicsToolbox
94.804	0.002	resp	3	47402	PsychophysicsToolbox
94.814	0.002	resp	3	47407	PsychophysicsToolbox
94.824	0.002	resp	3	47412	PsychophysicsToolbox
94.834	0.002	resp	3	47417	PsychophysicsToolbox
95.458	0.002	stim_on	4	47729	PsychophysicsToolbox
96.308	0.002	resp	3	48154	PsychophysicsToolbox
96.322	0.002	resp	3	48161	PsychophysicsToolbox
96.332	0.002	resp	3	48166	PsychophysicsToolbox
96.342	0.002	resp	3	48171	PsychophysicsToolbox
96.352	0.002	resp	3	48176	PsychophysicsToolbox
96.362	0.002	resp	3	48181	PsychophysicsToolbox
96.372	0.002	resp	3	48186	PsychophysicsToolbox
96.382	0.002	resp	3	48191	PsychophysicsToolbox
96.392	0.002	resp	3	48196	PsychophysicsToolbox
96.402	0.002	resp	3	48201	PsychophysicsToolbox
96.412	0.002	resp	3	48206	PsychophysicsToolbox
96.422	0.002	resp	3	48211	PsychophysicsToolbox
96.432	0.002	resp	3	48216	PsychophysicsToolbox
96.442	0.002	resp	3	48221	PsychophysicsToolbox
96.452	0.002	resp	3	48226	PsychophysicsToolbox
96.878	0.002	stim_on	4	48439	PsychophysicsToolbox
97.646	0.002	resp	3	48823	PsychophysicsToolbox
97.658	0.002	resp	3	48829	PsychophysicsToolbox
97.668	0.002	resp	3	48834	PsychophysicsToolbox
97.678	0.002	resp	3	48839	PsychophysicsToolbox
97.694	0.002	resp	3	48847	PsychophysicsToolbox
97.704	0.002	resp	3	48852	PsychophysicsToolbox
97.714	0.002	resp	3	48857	PsychophysicsToolbox
97.724	0.002	resp	3	48862	PsychophysicsToolbox
97.734	0.002	resp	3	48867	PsychophysicsToolbox
97.744	0.002	resp	3	48872	PsychophysicsToolbox
97.754	0.002	resp	3	48877	PsychophysicsToolbox
97.764	0.002	resp	3	48882	PsychophysicsToolbox
98.53	0.002	stim_on	4	49265	PsychophysicsToolbox
99.144	0.002	resp	3	49572	PsychophysicsToolbox
99.162	0.002	resp	3	49581	PsychophysicsToolbox
99.172	0.002	resp	3	49586	PsychophysicsToolbox
99.182	0.002	resp	3	49591	PsychophysicsToolbox
99.192	0.002	resp	3	49596	PsychophysicsToolbox
99.202	0.002	resp	3	49601	PsychophysicsToolbox
99.212	0.002	resp	3	49606	PsychophysicsToolbox
99.222	0.002	resp	3	49611	PsychophysicsToolbox
100.016	0.002	stim_on	4	50008	PsychophysicsToolbox
100.718	0.002	resp	3	50359	PsychophysicsToolbox
100.736	0.002	resp	3	50368	PsychophysicsToolbox
100.752	0.002	resp	3	50376	PsychophysicsToolbox
100.762	0.002	resp	3	50381	PsychophysicsToolbox
100.772	0.002	resp	3	50386	PsychophysicsToolbox
100.782	0.002	resp	3	50391	PsychophysicsToolbox
100.792	0.002	resp	3	50396	PsychophysicsToolbox
100.802	0.002	resp	3	50401	PsychophysicsToolbox
100.812	0.002	resp	3	50406	PsychophysicsToolbox
100.822	0.002	resp	3	50411	PsychophysicsToolbox
100.832	0.002	resp	3	50416	PsychophysicsToolbox
101.586	0.002	stim_on	4	50793	PsychophysicsToolbox
102.642	0.002	resp	3	51321	PsychophysicsToolbox
102.656	0.002	resp	3	51328	PsychophysicsToolbox
102.666	0.002	resp	3	51333	PsychophysicsToolbox
102.676	0.002	resp	3	51338	PsychophysicsToolbox
102.686	0.002	resp	3	51343	PsychophysicsToolbox
102.696	0.002	resp	3	51348	PsychophysicsToolbox
102.712	0.002	resp	3	51356	PsychophysicsToolbox
102.722	0.002	resp	3	51361	PsychophysicsToolbox
102.732	0.002	resp	3	51366	PsychophysicsToolbox
103.24	0.002	stim_on	4	51620	PsychophysicsToolbox
104.096	0.002	resp	3	52048	PsychophysicsToolbox
104.12	0.002	resp	3	52060	PsychophysicsToolbox
104.13	0.002	resp	3	52065	PsychophysicsToolbox
104.14	0.002	resp	3	52070	PsychophysicsToolbox
104.15	0.002	resp	3	52075	PsychophysicsToolbox
104.16	0.002	resp	3	52080	PsychophysicsToolbox
104.17	0.002	resp	3	52085	PsychophysicsToolbox
104.18	0.002	resp	3	52090	PsychophysicsToolbox
104.19	0.002	resp	3	52095	PsychophysicsToolbox
104.2	0.002	resp	3	52100	PsychophysicsToolbox
104.21	0.002	resp	3	52105	PsychophysicsToolbox
104.22	0.002	resp	3	52110	PsychophysicsToolbox
104.23	0.002	resp	3	52115	PsychophysicsToolbox
104.24	0.002	resp	3	52120	PsychophysicsToolbox
104.25	0.002	resp	3	52125	PsychophysicsToolbox
104.26	0.002	resp	3	52130	PsychophysicsToolbox
104.658	0.002	stim_on	4	52329	PsychophysicsToolbox
105.492	0.002	resp	3	52746	PsychophysicsToolbox
105.51	0.002	resp	3	52755	PsychophysicsToolbox
105.52	0.002	resp	3	52760	PsychophysicsToolbox
105.53	0.002	resp	3	52765	PsychophysicsToolbox
105.54	0.002	resp	3	52770	PsychophysicsToolbox
105.55	0.002	resp	3	52775	PsychophysicsToolbox
105.566	0.002	resp	3	52783	PsychophysicsToolbox
105.576	0.002	resp	3	52788	PsychophysicsToolbox
105.586	0.002	resp	3	52793	PsychophysicsToolbox
105.596	0.002	resp	3	52798	PsychophysicsToolbox
105.606	0.002	resp	3	52803	PsychophysicsToolbox
105.616	0.002	resp	3	52808	PsychophysicsToolbox
105.626	0.002	resp	3	52813	PsychophysicsToolbox
106.128	0.002	stim_on	4	53064	PsychophysicsToolbox
107.008	0.002	resp	3	53504	PsychophysicsToolbox
107.02	0.002	resp	3	53510	PsychophysicsToolbox
107.03	0.002	resp	3	53515	PsychophysicsToolbox
107.04	0.002	resp	3	53520	PsychophysicsToolbox
107.05	0.002	resp	3	53525	PsychophysicsToolbox
107.066	0.002	resp	3	53533	PsychophysicsToolbox
107.076	0.002	resp	3	53538	PsychophysicsToolbox
107.086	0.002	resp	3	53543	PsychophysicsToolbox
107.096	0.002	resp	3	53548	PsychophysicsToolbox
107.106	0.002	resp	3	53553	PsychophysicsToolbox
107.116	0.002	resp	3	53558	PsychophysicsToolbox
107.126	0.002	resp	3	53563	PsychophysicsToolbox
107.136	0.002	resp	3	53568	PsychophysicsToolbox
107.146	0.002	resp	3	53573	PsychophysicsToolbox
107.664	0.002	stim_on	4	53832	PsychophysicsToolbox
108.464	0.002	resp	3	54232	PsychophysicsToolbox
108.482	0.002	resp	3	54241	PsychophysicsToolbox
108.492	0.002	resp	3	54246	PsychophysicsToolbox
108.502	0.002	resp	3	54251	PsychophysicsToolbox
108.512	0.002	resp	3	54256	PsychophysicsToolbox
108.522	0.002	resp	3	54261	PsychophysicsToolbox
108.532	0.002	resp	3	54266	PsychophysicsToolbox
108.542	0.002	resp	3	54271	PsychophysicsToolbox
108.558	0.002	resp	3	54279	PsychophysicsToolbox
108.568	0.002	resp	3	54284	PsychophysicsToolbox
109.166	0.002	stim_on	4	54583	PsychophysicsToolbox
110.122	0.002	resp	3	55061	PsychophysicsToolbox
110.134	0.002	resp	3	55067	PsychophysicsToolbox
110.144	0.002	resp	3	55072	PsychophysicsToolbox
110.16	0.002	resp	3	55080	PsychophysicsToolbox
110.17	0.002	resp	3	55085	PsychophysicsToolbox
110.18	0.002	resp	3	55090	PsychophysicsToolbox
110.19	0.002	resp	3	55095	PsychophysicsToolbox
110.2	0.002	resp	3	55100	PsychophysicsToolbox
110.21	0.002	resp	3	55105	PsychophysicsToolbox
110.22	0.002	resp	3	55110	PsychophysicsToolbox
110.23	0.002	resp	3	55115	PsychophysicsToolbox
110.52	0.002	stim_on	4	55260	PsychophysicsToolbox
111.38	0.002	resp	3	55690	PsychophysicsToolbox
111.398	0.002	resp	3	55699	PsychophysicsToolbox
111.408	0.002	resp	3	55704	PsychophysicsToolbox
111.418	0.002	resp	3	55709	PsychophysicsToolbox
111.428	0.002	resp	3	55714	PsychophysicsToolbox
111.438	0.002	resp	3	55719	PsychophysicsToolbox
111.448	0.002	resp	3	55724	PsychophysicsToolbox
111.458	0.002	resp	3	55729	PsychophysicsToolbox
111.468	0.002	resp	3	55734	PsychophysicsToolbox
111.478	0.002	resp	3	55739	PsychophysicsToolbox
111.488	0.002	resp	3	55744	PsychophysicsToolbox
112.14	0.002	stim_on	4	56070	PsychophysicsToolbox
112.876	0.002	resp	3	56438	PsychophysicsToolbox
112.894	0.002	resp	3	56447	PsychophysicsToolbox
112.904	0.002	resp	3	56452	PsychophysicsToolbox
112.914	0.002	resp	3	56457	PsychophysicsToolbox
112.924	0.002	resp	3	56462	PsychophysicsToolbox
112.934	0.002	resp	3	56467	PsychophysicsToolbox
112.944	0.002	resp	3	56472	PsychophysicsToolbox
112.954	0.002	resp	3	56477	PsychophysicsToolbox
112.964	0.002	resp	3	56482	PsychophysicsToolbox
112.974	0.002	resp	3	56487	PsychophysicsToolbox
112.984	0.002	resp	3	56492	PsychophysicsToolbox
112.994	0.002	resp	3	56497	PsychophysicsToolbox
113.458	0.002	stim_on	4	56729	PsychophysicsToolbox
114.346	0.002	resp	3	57173	PsychophysicsToolbox
114.364	0.002	resp	3	57182	PsychophysicsToolbox
114.374	0.002	resp	3	57187	PsychophysicsToolbox
114.384	0.002	resp	3	57192	PsychophysicsToolbox
114.394	0.002	resp	3	57197	PsychophysicsToolbox
114.404	0.002	resp	3	57202	PsychophysicsToolbox
114.414	0.002	resp	3	57207	PsychophysicsToolbox
114.424	0.002	resp	3	57212	PsychophysicsToolbox
114.434	0.002	resp	3	57217	PsychophysicsToolbox
114.444	0.002	resp	3	57222	PsychophysicsToolbox
114.46	0.002	resp	3	57230	PsychophysicsToolbox
114.944	0.002	stim_on	4	57472	PsychophysicsToolbox
115.942	0.002	resp	3	57971	PsychophysicsToolbox
115.96	0.002	resp	3	57980	PsychophysicsToolbox
115.97	0.002	resp	3	57985	PsychophysicsToolbox
115.98	0.002	resp	3	57990	PsychophysicsToolbox
115.99	0.002	resp	3	57995	PsychophysicsToolbox
116.0	0.002	resp	3	58000	PsychophysicsToolbox
116.01	0.002	resp	3	58005	PsychophysicsToolbox
116.02	0.002	resp	3	58010	PsychophysicsToolbox
116.03	0.002	resp	3	58015	PsychophysicsToolbox
116.04	0.002	resp	3	58020	PsychophysicsToolbox
116.05	0.002	resp	3	58025	PsychophysicsToolbox
116.28	0.002	stim_on	4	58140	PsychophysicsToolbox
117.174	0.002	resp	3	58587	PsychophysicsToolbox
117.188	0.002	resp	3	58594	PsychophysicsToolbox
117.198	0.002	resp	3	58599	PsychophysicsToolbox
117.208	0.002	resp	3	58604	PsychophysicsToolbox
117.218	0.002	resp	3	58609	PsychophysicsToolbox
117.228	0.002	resp	3	58614	PsychophysicsToolbox
117.238	0.002	resp	3	58619	PsychophysicsToolbox
117.248	0.002	resp	3	58624	PsychophysicsToolbox
117.258	0.002	resp	3	58629	PsychophysicsToolbox
117.268	0.002	resp	3	58634	PsychophysicsToolbox
117.284	0.002	resp	3	58642	PsychophysicsToolbox
117.294	0.002	resp	3	58647	PsychophysicsToolbox
117.304	0.002	resp	3	58652	PsychophysicsToolbox
118.0	0.002	stim_on	4	59000	PsychophysicsToolbox
118.752	0.002	resp	3	59376	PsychophysicsToolbox
118.77	0.002	resp	3	59385	PsychophysicsToolbox
118.78	0.002	resp	3	59390	PsychophysicsToolbox
118.79	0.002	resp	3	59395	PsychophysicsToolbox
118.8	0.002	resp	3	59400	PsychophysicsToolbox
118.81	0.002	resp	3	59405	PsychophysicsToolbox
118.82	0.002	resp	3	59410	PsychophysicsToolbox
118.83	0.002	resp	3	59415	PsychophysicsToolbox
118.84	0.002	resp	3	59420	PsychophysicsToolbox
118.85	0.002	resp	3	59425	PsychophysicsToolbox
119.52	0.002	stim_on	4	59760	PsychophysicsToolbox
120.408	0.002	resp	3	60204	PsychophysicsToolbox
120.422	0.002	resp	3	60211	PsychophysicsToolbox
120.432	0.002	resp	3	60216	PsychophysicsToolbox
120.442	0.002	resp	3	60221	PsychophysicsToolbox
120.452	0.002	resp	3	60226	PsychophysicsToolbox
120.462	0.002	resp	3	60231	PsychophysicsToolbox
120.472	0.002	resp	3	60236	PsychophysicsToolbox
120.482	0.002	resp	3	60241	PsychophysicsToolbox
120.492	0.002	resp	3	60246	PsychophysicsToolbox
120.502	0.002	resp	3	60251	PsychophysicsToolbox
121.206	0.002	stim_on	4	60603	PsychophysicsToolbox
121.988	0.002	resp	3	60994	PsychophysicsToolbox
122.006	0.002	resp	3	61003	PsychophysicsToolbox
122.016	0.002	resp	3	61008	PsychophysicsToolbox
122.026	0.002	resp	3	61013	PsychophysicsToolbox
122.036	0.002	resp	3	61018	PsychophysicsToolbox
122.046	0.002	resp	3	61023	PsychophysicsToolbox
122.056	0.002	resp	3	61028	PsychophysicsToolbox
122.066	0.002	resp	3	61033	PsychophysicsToolbox
122.076	0.002	resp	3	61038	PsychophysicsToolbox
122.086	0.002	resp	3	61043	PsychophysicsToolbox
122.096	0.002	resp	3	61048	PsychophysicsToolbox
122.106	0.002	resp	3	61053	PsychophysicsToolbox
122.116	0.002	resp	3	61058	PsychophysicsToolbox
122.126	0.002	resp	3	61063	PsychophysicsToolbox
122.676	0.002	stim_on	4	61338	PsychophysicsToolbox
123.566	0.002	resp	3	61783	PsychophysicsToolbox
123.58	0.002	resp	3	61790	PsychophysicsToolbox
123.59	0.002	resp	3	61795	PsychophysicsToolbox
123.6	0.002	resp	3	61800	PsychophysicsToolbox
123.61	0.002	resp	3	61805	PsychophysicsToolbox
123.62	0.002	resp	3	61810	PsychophysicsToolbox
123.63	0.002	resp	3	61815	PsychophysicsToolbox
123.646	0.002	resp	3	61823	PsychophysicsToolbox
123.656	0.002	resp	3	61828	PsychophysicsToolbox
123.666	0.002	resp	3	61833	PsychophysicsToolbox
123.676	0.002	resp	3	61838	PsychophysicsToolbox
123.686	0.002	resp	3	61843	PsychophysicsToolbox
123.696	0.002	resp	3	61848	PsychophysicsToolbox
124.344	0.002	stim_on	4	62172	PsychophysicsToolbox
125.23	0.002	resp	3	62615	PsychophysicsToolbox
125.244	0.002	resp	3	62622	PsychophysicsToolbox
125.254	0.002	resp	3	62627	PsychophysicsToolbox
125.264	0.002	resp	3	62632	PsychophysicsToolbox
125.274	0.002	resp	3	62637	PsychophysicsToolbox
125.284	0.002	resp	3	62642	PsychophysicsToolbox
125.294	0.002	resp	3	62647	PsychophysicsToolbox
125.304	0.002	resp	3	62652	PsychophysicsToolbox
125.314	0.002	resp	3	62657	PsychophysicsToolbox
125.764	0.002	stim_on	4	62882	PsychophysicsToolbox
126.714	0.002	resp	3	63357	PsychophysicsToolbox
126.728	0.002	resp	3	63364	PsychophysicsToolbox
126.738	0.002	resp	3	63369	PsychophysicsToolbox
126.748	0.002	resp	3	63374	PsychophysicsToolbox
126.758	0.002	resp	3	63379	PsychophysicsToolbox
126.768	0.002	resp	3	63384	PsychophysicsToolbox
126.778	0.002	resp	3	63389	PsychophysicsToolbox
126.788	0.002	resp	3	63394	PsychophysicsToolbox
126.798	0.002	resp	3	63399	PsychophysicsToolbox
126.808	0.002	resp	3	63404	PsychophysicsToolbox
126.824	0.002	resp	3	63412	PsychophysicsToolbox
127.45	0.002	stim_on	4	63725	PsychophysicsToolbox
128.302	0.002	resp	3	64151	PsychophysicsToolbox
128.32	0.002	resp	3	64160	PsychophysicsToolbox
128.33	0.002	resp	3	64165	PsychophysicsToolbox
128.34	0.002	resp	3	64170	PsychophysicsToolbox
128.35	0.002	resp	3	64175	PsychophysicsToolbox
128.36	0.002	resp	3	64180	PsychophysicsToolbox
128.37	0.002	resp	3	64185	PsychophysicsToolbox
128.38	0.002	resp	3	64190	PsychophysicsToolbox
128.39	0.002	resp	3	64195	PsychophysicsToolbox
128.4	0.002	resp	3	64200	PsychophysicsToolbox
128.41	0.002	resp	3	64205	PsychophysicsToolbox
129.138	0.002	stim_on	4	64569	PsychophysicsToolbox
129.964	0.002	resp	3	64982	PsychophysicsToolbox
129.978	0.002	resp	3	64989	PsychophysicsToolbox
129.988	0.002	resp	3	64994	PsychophysicsToolbox
129.998	0.002	resp	3	64999	PsychophysicsToolbox
130.008	0.002	resp	3	65004	PsychophysicsToolbox
130.018	0.002	resp	3	65009	PsychophysicsToolbox
130.028	0.002	resp	3	65014	PsychophysicsToolbox
130.038	0.002	resp	3	65019	PsychophysicsToolbox
130.048	0.002	resp	3	65024	PsychophysicsToolbox
130.064	0.002	resp	3	65032	PsychophysicsToolbox
130.074	0.002	resp	3	65037	PsychophysicsToolbox
130.606	0.002	stim_on	4	65303	PsychophysicsToolbox
131.5	0.002	resp	3	65750	PsychophysicsToolbox
131.518	0.002	resp	3	65759	PsychophysicsToolbox
131.528	0.002	resp	3	65764	PsychophysicsToolbox
131.538	0.002	resp	3	65769	PsychophysicsToolbox
131.548	0.002	resp	3	65774	PsychophysicsToolbox
131.558	0.002	resp	3	65779	PsychophysicsToolbox
131.568	0.002	resp	3	65784	PsychophysicsToolbox
131.578	0.002	resp	3	65789	PsychophysicsToolbox
131.588	0.002	resp	3	65794	PsychophysicsToolbox
131.598	0.002	resp	3	65799	PsychophysicsToolbox
131.608	0.002	resp	3	65804	PsychophysicsToolbox
131.618	0.002	resp	3	65809	PsychophysicsToolbox
131.628	0.002	resp	3	65814	PsychophysicsToolbox
132.176	0.002	stim_on	4	66088	PsychophysicsToolbox
132.998	0.002	resp	3	66499	PsychophysicsToolbox
133.016	0.002	resp	3	66508	PsychophysicsToolbox
133.026	0.002	resp	3	66513	PsychophysicsToolbox
133.036	0.002	resp	3	66518	PsychophysicsToolbox
133.046	0.002	resp	3	66523	PsychophysicsToolbox
133.056	0.002	resp	3	66528	PsychophysicsToolbox
133.072	0.002	resp	3	66536	PsychophysicsToolbox
133.082	0.002	resp	3	66541	PsychophysicsToolbox
133.092	0.002	resp	3	66546	PsychophysicsToolbox
133.102	0.002	resp	3	66551	PsychophysicsToolbox
133.112	0.002	resp	3	66556	PsychophysicsToolbox
133.122	0.002	resp	3	66561	PsychophysicsToolbox
133.132	0.002	resp	3	66566	PsychophysicsToolbox
133.142	0.002	resp	3	66571	PsychophysicsToolbox
133.728	0.002	stim_on	4	66864	PsychophysicsToolbox
134.586	0.002	resp	3	67293	PsychophysicsToolbox
134.604	0.002	resp	3	67302	PsychophysicsToolbox
134.614	0.002	resp	3	67307	PsychophysicsToolbox
134.624	0.002	resp	3	67312	PsychophysicsToolbox
134.634	0.002	resp	3	67317	PsychophysicsToolbox
134.644	0.002	resp	3	67322	PsychophysicsToolbox
134.66	0.002	resp	3	67330	PsychophysicsToolbox
134.67	0.002	resp	3	67335	PsychophysicsToolbox
134.68	0.002	resp	3	67340	PsychophysicsToolbox
134.69	0.002	resp	3	67345	PsychophysicsToolbox
135.416	0.002	stim_on	4	67708	PsychophysicsToolbox
136.23	0.002	resp	3	68115	PsychophysicsToolbox
136.248	0.002	resp	3	68124	PsychophysicsToolbox
136.258	0.002	resp	3	68129	PsychophysicsToolbox
136.268	0.002	resp	3	68134	PsychophysicsToolbox
136.278	0.002	resp	3	68139	PsychophysicsToolbox
136.288	0.002	resp	3	68144	PsychophysicsToolbox
136.298	0.002	resp	3	68149	PsychophysicsToolbox
136.308	0.002	resp	3	68154	PsychophysicsToolbox
136.318	0.002	resp	3	68159	PsychophysicsToolbox
136.328	0.002	resp	3	68164	PsychophysicsToolbox
136.818	0.002	stim_on	4	68409	PsychophysicsToolbox
137.746	0.002	resp	3	68873	PsychophysicsToolbox
137.76	0.002	resp	3	68880	PsychophysicsToolbox
137.77	0.002	resp	3	68885	PsychophysicsToolbox
137.78	0.002	resp	3	68890	PsychophysicsToolbox
137.79	0.002	resp	3	68895	PsychophysicsToolbox
137.8	0.002	resp	3	68900	PsychophysicsToolbox
137.81	0.002	resp	3	68905	PsychophysicsToolbox
137.82	0.002	resp	3	68910	PsychophysicsToolbox
137.83	0.002	resp	3	68915	PsychophysicsToolbox
137.84	0.002	resp	3	68920	PsychophysicsToolbox
137.85	0.002	resp	3	68925	PsychophysicsToolbox
137.866	0.002	resp	3	68933	PsychophysicsToolbox
137.876	0.002	resp	3	68938	PsychophysicsToolbox
138.138	0.002	stim_on	4	69069	PsychophysicsToolbox
139.01	0.002	resp	3	69505	PsychophysicsToolbox
139.024	0.002	resp	3	69512	PsychophysicsToolbox
139.034	0.002	resp	3	69517	PsychophysicsToolbox
139.044	0.002	resp	3	69522	PsychophysicsToolbox
139.054	0.002	resp	3	69527	PsychophysicsToolbox
139.07	0.002	resp	3	69535	PsychophysicsToolbox
139.08	0.002	resp	3	69540	PsychophysicsToolbox
139.09	0.002	resp	3	69545	PsychophysicsToolbox
139.1	0.002	resp	3	69550	PsychophysicsToolbox
139.11	0.002	resp	3	69555	PsychophysicsToolbox
139.12	0.002	resp	3	69560	PsychophysicsToolbox
139.13	0.002	resp	3	69565	PsychophysicsToolbox
139.806	0.002	stim_on	4	69903	PsychophysicsToolbox
140.662	0.002	resp	3	70331	PsychophysicsToolbox
140.676	0.002	resp	3	70338	PsychophysicsToolbox
140.686	0.002	resp	3	70343	PsychophysicsToolbox
140.696	0.002	resp	3	70348	PsychophysicsToolbox
140.706	0.002	resp	3	70353	PsychophysicsToolbox
140.716	0.002	resp	3	70358	PsychophysicsToolbox
140.726	0.002	resp	3	70363	PsychophysicsToolbox
140.736	0.002	resp	3	70368	PsychophysicsToolbox
140.746	0.002	resp	3	70373	PsychophysicsToolbox
140.756	0.002	resp	3	70378	PsychophysicsToolbox
140.766	0.002	resp	3	70383	PsychophysicsToolbox
140.776	0.002	resp	3	70388	PsychophysicsToolbox
141.21	0.002	stim_on	4	70605	PsychophysicsToolbox
142.01	0.002	resp	3	71005	PsychophysicsToolbox
142.024	0.002	resp	3	71012	PsychophysicsToolbox
142.034	0.002	resp	3	71017	PsychophysicsToolbox
142.044	0.002	resp	3	71022	PsychophysicsToolbox
142.054	0.002	resp	3	71027	PsychophysicsToolbox
142.064	0.002	resp	3	71032	PsychophysicsToolbox
142.074	0.002	resp	3	71037	PsychophysicsToolbox
142.084	0.002	resp	3	71042	PsychophysicsToolbox
142.094	0.002	resp	3	71047	PsychophysicsToolbox
142.104	0.002	resp	3	71052	PsychophysicsToolbox
142.114	0.002	resp	3	71057	PsychophysicsToolbox
142.124	0.002	resp	3	71062	PsychophysicsToolbox
142.134	0.002	resp	3	71067	PsychophysicsToolbox
142.15	0.002	resp	3	71075	PsychophysicsToolbox
142.628	0.002	stim_on	4	71314	PsychophysicsToolbox
143.486	0.002	resp	3	71743	PsychophysicsToolbox
143.5	0.002	resp	3	71750	PsychophysicsToolbox
143.51	0.002	resp	3	71755	PsychophysicsToolbox
143.52	0.002	resp	3	71760	PsychophysicsToolbox
143.53	0.002	resp	3	71765	PsychophysicsToolbox
143.54	0.002	resp	3	71770	PsychophysicsToolbox
143.55	0.002	resp	3	71775	PsychophysicsToolbox
143.56	0.002	resp	3	71780	PsychophysicsToolbox
143.576	0.002	resp	3	71788	PsychophysicsToolbox
143.586	0.002	resp	3	71793	PsychophysicsToolbox
143.596	0.002	resp	3	71798	PsychophysicsToolbox
143.606	0.002	resp	3	71803	PsychophysicsToolbox
143.616	0.002	resp	3	71808	PsychophysicsToolbox
144.198	0.002	stim_on	4	72099	PsychophysicsToolbox
144.968	0.002	resp	3	72484	PsychophysicsToolbox
144.982	0.002	resp	3	72491	PsychophysicsToolbox
144.992	0.002	resp	3	72496	PsychophysicsToolbox
145.002	0.002	resp	3	72501	PsychophysicsToolbox
145.012	0.002	resp	3	72506	PsychophysicsToolbox
145.022	0.002	resp	3	72511	PsychophysicsToolbox
145.032	0.002	resp	3	72516	PsychophysicsToolbox
145.042	0.002	resp	3	72521	PsychophysicsToolbox
145.052	0.002	resp	3	72526	PsychophysicsToolbox
145.062	0.002	resp	3	72531	PsychophysicsToolbox
145.072	0.002	resp	3	72536	PsychophysicsToolbox
145.634	0.002	stim_on	4	72817	PsychophysicsToolbox
146.502	0.002	resp	3	73251	PsychophysicsToolbox
146.516	0.002	resp	3	73258	PsychophysicsToolbox
146.526	0.002	resp	3	73263	PsychophysicsToolbox
146.536	0.002	resp	3	73268	PsychophysicsToolbox
146.546	0.002	resp	3	73273	PsychophysicsToolbox
146.562	0.002	resp	3	73281	PsychophysicsToolbox
146.572	0.002	resp	3	73286	PsychophysicsToolbox
146.582	0.002	resp	3	73291	PsychophysicsToolbox
146.592	0.002	resp	3	73296	PsychophysicsToolbox
146.602	0.002	resp	3	73301	PsychophysicsToolbox
146.612	0.002	resp	3	73306	PsychophysicsToolbox
147.288	0.002	stim_on	4	73644	PsychophysicsToolbox
148.108	0.002	resp	3	74054	PsychophysicsToolbox
148.12	0.002	resp	3	74060	PsychophysicsToolbox
148.13	0.002	resp	3	74065	PsychophysicsToolbox
148.14	0.002	resp	3	74070	PsychophysicsToolbox
148.15	0.002	resp	3	74075	PsychophysicsToolbox
148.166	0.002	resp	3	74083	PsychophysicsToolbox
148.176	0.002	resp	3	74088	PsychophysicsToolbox
148.186	0.002	resp	3	74093	PsychophysicsToolbox
148.196	0.002	resp	3	74098	PsychophysicsToolbox
148.206	0.002	resp	3	74103	PsychophysicsToolbox
148.216	0.002	resp	3	74108	PsychophysicsToolbox
148.226	0.002	resp	3	74113	PsychophysicsToolbox
148.236	0.002	resp	3	74118	PsychophysicsToolbox
148.246	0.002	resp	3	74123	PsychophysicsToolbox
148.958	0.002	stim_on	4	74479	PsychophysicsToolbox
149.82	0.002	resp	3	74910	PsychophysicsToolbox
149.834	0.002	resp	3	74917	PsychophysicsToolbox
149.844	0.002	resp	3	74922	PsychophysicsToolbox
149.854	0.002	resp	3	74927	PsychophysicsToolbox
149.864	0.002	resp	3	74932	PsychophysicsToolbox
149.874	0.002	resp	3	74937	PsychophysicsToolbox
149.884	0.002	resp	3	74942	PsychophysicsToolbox
149.894	0.002	resp	3	74947	PsychophysicsToolbox
149.904	0.002	resp	3	74952	PsychophysicsToolbox
149.914	0.002	resp	3	74957	PsychophysicsToolbox
150.66	0.002	stim_on	4	75330	PsychophysicsToolbox
151.494	0.002	resp	3	75747	PsychophysicsToolbox
151.508	0.002	resp	3	75754	PsychophysicsToolbox
151.518	0.002	resp	3	75759	PsychophysicsToolbox
151.528	0.002	resp	3	75764	PsychophysicsToolbox
151.538	0.002	resp	3	75769	PsychophysicsToolbox
151.548	0.002	resp	3	75774	PsychophysicsToolbox
151.558	0.002	resp	3	75779	PsychophysicsToolbox
151.568	0.002	resp	3	75784	PsychophysicsToolbox
151.578	0.002	resp	3	75789	PsychophysicsToolbox
151.588	0.002	resp	3	75794	PsychophysicsToolbox
151.598	0.002	resp	3	75799	PsychophysicsToolbox
151.608	0.002	resp	3	75804	PsychophysicsToolbox
151.618	0.002	resp	3	75809	PsychophysicsToolbox
151.634	0.002	resp	3	75817	PsychophysicsToolbox
152.13	0.002	stim_on	4	76065	PsychophysicsToolbox
152.928	0.002	resp	3	76464	PsychophysicsToolbox
152.942	0.002	resp	3	76471	PsychophysicsToolbox
152.952	0.002	resp	3	76476	PsychophysicsToolbox
152.962	0.002	resp	3	76481	PsychophysicsToolbox
152.978	0.002	resp	3	76489	PsychophysicsToolbox
152.988	0.002	resp	3	76494	PsychophysicsToolbox
152.998	0.002	resp	3	76499	PsychophysicsToolbox
153.008	0.002	resp	3	76504	PsychophysicsToolbox
153.018	0.002	resp	3	76509	PsychophysicsToolbox
153.028	0.002	resp	3	76514	PsychophysicsToolbox
153.038	0.002	resp	3	76519	PsychophysicsToolbox
153.766	0.002	stim_on	4	76883	PsychophysicsToolbox
154.572	0.002	resp	3	77286	PsychophysicsToolbox
154.586	0.002	resp	3	77293	PsychophysicsToolbox
154.596	0.002	resp	3	77298	PsychophysicsToolbox
154.606	0.002	resp	3	77303	PsychophysicsToolbox
154.616	0.002	resp	3	77308	PsychophysicsToolbox
154.626	0.002	resp	3	77313	PsychophysicsToolbox
154.636	0.002	resp	3	77318	PsychophysicsToolbox
154.646	0.002	resp	3	77323	PsychophysicsToolbox
154.656	0.002	resp	3	77328	PsychophysicsToolbox
154.666	0.002	resp	3	77333	PsychophysicsToolbox
154.676	0.002	resp	3	77338	PsychophysicsToolbox
154.686	0.002	resp	3	77343	PsychophysicsToolbox
155.136	0.002	stim_on	4	77568	PsychophysicsToolbox
155.892	0.002	resp	3	77946	PsychophysicsToolbox
155.916	0.002	resp	3	77958	PsychophysicsToolbox
155.926	0.002	resp	3	77963	PsychophysicsToolbox
155.936	0.002	resp	3	77968	PsychophysicsToolbox
155.946	0.002	resp	3	77973	PsychophysicsToolbox
155.956	0.002	resp	3	77978	PsychophysicsToolbox
155.966	0.002	resp	3	77983	PsychophysicsToolbox
155.976	0.002	resp	3	77988	PsychophysicsToolbox
155.986	0.002	resp	3	77993	PsychophysicsToolbox
155.996	0.002	resp	3	77998	PsychophysicsToolbox
156.006	0.002	resp	3	78003	PsychophysicsToolbox
156.704	0.002	stim_on	4	78352	PsychophysicsToolbox
157.538	0.002	resp	3	78769	PsychophysicsToolbox
157.552	0.002	resp	3	78776	PsychophysicsToolbox
157.562	0.002	resp	3	78781	PsychophysicsToolbox
157.572	0.002	resp	3	78786	PsychophysicsToolbox
157.582	0.002	resp	3	78791	PsychophysicsToolbox
157.592	0.002	resp	3	78796	PsychophysicsToolbox
157.602	0.002	resp	3	78801	PsychophysicsToolbox
157.612	0.002	resp	3	78806	PsychophysicsToolbox
157.622	0.002	resp	3	78811	PsychophysicsToolbox
157.632	0.002	resp	3	78816	PsychophysicsToolbox
157.642	0.002	resp	3	78821	PsychophysicsToolbox
157.652	0.002	resp	3	78826	PsychophysicsToolbox
158.308	0.002	stim_on	4	79154	PsychophysicsToolbox
159.138	0.002	resp	3	79569	PsychophysicsToolbox
159.15	0.002	resp	3	79575	PsychophysicsToolbox
159.16	0.002	resp	3	79580	PsychophysicsToolbox
159.17	0.002	resp	3	79585	PsychophysicsToolbox
159.186	0.002	resp	3	79593	PsychophysicsToolbox
159.196	0.002	resp	3	79598	PsychophysicsToolbox
159.206	0.002	resp	3	79603	PsychophysicsToolbox
159.216	0.002	resp	3	79608	PsychophysicsToolbox
159.226	0.002	resp	3	79613	PsychophysicsToolbox
159.236	0.002	resp	3	79618	PsychophysicsToolbox
159.246	0.002	resp	3	79623	PsychophysicsToolbox
159.66	0.002	stim_on	4	79830	PsychophysicsToolbox
160.566	0.002	resp	3	80283	PsychophysicsToolbox
160.584	0.002	resp	3	80292	PsychophysicsToolbox
160.594	0.002	resp	3	80297	PsychophysicsToolbox
160.604	0.002	resp	3	80302	PsychophysicsToolbox
160.614	0.002	resp	3	80307	PsychophysicsToolbox
160.624	0.002	resp	3	80312	PsychophysicsToolbox
160.634	0.002	resp	3	80317	PsychophysicsToolbox
160.644	0.002	resp	3	80322	PsychophysicsToolbox
160.654	0.002	resp	3	80327	PsychophysicsToolbox
160.664	0.002	resp	3	80332	PsychophysicsToolbox
160.674	0.002	resp	3	80337	PsychophysicsToolbox
160.69	0.002	resp	3	80345	PsychophysicsToolbox
160.7	0.002	resp	3	80350	PsychophysicsToolbox
160.71	0.002	resp	3	80355	PsychophysicsToolbox
161.196	0.002	stim_on	4	80598	PsychophysicsToolbox
162.006	0.002	resp	3	81003	PsychophysicsToolbox
162.024	0.002	resp	3	81012	PsychophysicsToolbox
162.034	0.002	resp	3	81017	PsychophysicsToolbox
162.05	0.002	resp	3	81025	PsychophysicsToolbox
162.06	0.002	resp	3	81030	PsychophysicsToolbox
162.07	0.002	resp	3	81035	PsychophysicsToolbox
162.08	0.002	resp	3	81040	PsychophysicsToolbox
162.09	0.002	resp	3	81045	PsychophysicsToolbox
162.1	0.002	resp	3	81050	PsychophysicsToolbox
162.882	0.002	stim_on	4	81441	PsychophysicsToolbox
163.66	0.002	resp	3	81830	PsychophysicsToolbox
163.684	0.002	resp	3	81842	PsychophysicsToolbox
163.694	0.002	resp	3	81847	PsychophysicsToolbox
163.704	0.002	resp	3	81852	PsychophysicsToolbox
163.714	0.002	resp	3	81857	PsychophysicsToolbox
163.724	0.002	resp	3	81862	PsychophysicsToolbox
163.734	0.002	resp	3	81867	PsychophysicsToolbox
163.744	0.002	resp	3	81872	PsychophysicsToolbox
163.754	0.002	resp	3	81877	PsychophysicsToolbox
163.764	0.002	resp	3	81882	PsychophysicsToolbox
163.774	0.002	resp	3	81887	PsychophysicsToolbox
163.784	0.002	resp	3	81892	PsychophysicsToolbox
164.302	0.002	stim_on	4	82151	PsychophysicsToolbox
165.242	0.002	resp	3	82621	PsychophysicsToolbox
165.256	0.002	resp	3	82628	PsychophysicsToolbox
165.266	0.002	resp	3	82633	PsychophysicsToolbox
165.276	0.002	resp	3	82638	PsychophysicsToolbox
165.286	0.002	resp	3	82643	PsychophysicsToolbox
165.296	0.002	resp	3	82648	PsychophysicsToolbox
165.306	0.002	resp	3	82653	PsychophysicsToolbox
165.316	0.002	resp	3	82658	PsychophysicsToolbox
165.326	0.002	resp	3	82663	PsychophysicsToolbox
165.336	0.002	resp	3	82668	PsychophysicsToolbox
165.346	0.002	resp	3	82673	PsychophysicsToolbox
165.356	0.002	resp	3	82678	PsychophysicsToolbox
165.704	0.002	stim_on	4	82852	PsychophysicsToolbox
166.696	0.002	resp	3	83348	PsychophysicsToolbox
166.71	0.002	resp	3	83355	PsychophysicsToolbox
166.72	0.002	resp	3	83360	PsychophysicsToolbox
166.73	0.002	resp	3	83365	PsychophysicsToolbox
166.74	0.002	resp	3	83370	PsychophysicsToolbox
166.75	0.002	resp	3	83375	PsychophysicsToolbox
166.76	0.002	resp	3	83380	PsychophysicsToolbox
166.77	0.002	resp	3	83385	PsychophysicsToolbox
166.78	0.002	resp	3	83390	PsychophysicsToolbox
166.79	0.002	resp	3	83395	PsychophysicsToolbox
166.8	0.002	resp	3	83400	PsychophysicsToolbox
166.81	0.002	resp	3	83405	PsychophysicsToolbox
166.82	0.002	resp	3	83410	PsychophysicsToolbox
167.358	0.002	stim_on	4	83679	PsychophysicsToolbox
168.184	0.002	resp	3	84092	PsychophysicsToolbox
168.202	0.002	resp	3	84101	PsychophysicsToolbox
168.212	0.002	resp	3	84106	PsychophysicsToolbox
168.222	0.002	resp	3	84111	PsychophysicsToolbox
168.232	0.002	resp	3	84116	PsychophysicsToolbox
168.242	0.002	resp	3	84121	PsychophysicsToolbox
168.252	0.002	resp	3	84126	PsychophysicsToolbox
168.262	0.002	resp	3	84131	PsychophysicsToolbox
168.272	0.002	resp	3	84136	PsychophysicsToolbox
168.288	0.002	resp	3	84144	PsychophysicsToolbox
168.298	0.002	resp	3	84149	PsychophysicsToolbox
168.308	0.002	resp	3	84154	PsychophysicsToolbox
168.878	0.002	stim_on	4	84439	PsychophysicsToolbox
169.754	0.002	resp	3	84877	PsychophysicsToolbox
169.768	0.002	resp	3	84884	PsychophysicsToolbox
169.778	0.002	resp	3	84889	PsychophysicsToolbox
169.788	0.002	resp	3	84894	PsychophysicsToolbox
169.798	0.002	resp	3	84899	PsychophysicsToolbox
169.808	0.002	resp	3	84904	PsychophysicsToolbox
169.818	0.002	resp	3	84909	PsychophysicsToolbox
169.828	0.002	resp	3	84914	PsychophysicsToolbox
169.838	0.002	resp	3	84919	PsychophysicsToolbox
169.848	0.002	resp	3	84924	PsychophysicsToolbox
169.858	0.002	resp	3	84929	PsychophysicsToolbox
169.874	0.002	resp	3	84937	PsychophysicsToolbox
169.884	0.002	resp	3	84942	PsychophysicsToolbox
170.246	0.002	stim_on	4	85123	PsychophysicsToolbox
171.156	0.002	resp	3	85578	PsychophysicsToolbox
171.174	0.002	resp	3	85587	PsychophysicsToolbox
171.184	0.002	resp	3	85592	PsychophysicsToolbox
171.194	0.002	resp	3	85597	PsychophysicsToolbox
171.204	0.002	resp	3	85602	PsychophysicsToolbox
171.214	0.002	resp	3	85607	PsychophysicsToolbox
171.224	0.002	resp	3	85612	PsychophysicsToolbox
171.234	0.002	resp	3	85617	PsychophysicsToolbox
171.244	0.002	resp	3	85622	PsychophysicsToolbox
171.254	0.002	resp	3	85627	PsychophysicsToolbox
171.264	0.002	resp	3	85632	PsychophysicsToolbox
171.65	0.002	stim_on	4	85825	PsychophysicsToolbox
172.522	0.002	resp	3	86261	PsychophysicsToolbox
172.536	0.002	resp	3	86268	PsychophysicsToolbox
172.546	0.002	resp	3	86273	PsychophysicsToolbox
172.556	0.002	resp	3	86278	PsychophysicsToolbox
172.566	0.002	resp	3	86283	PsychophysicsToolbox
172.576	0.002	resp	3	86288	PsychophysicsToolbox
172.586	0.002	resp	3	86293	PsychophysicsToolbox
172.602	0.002	resp	3	86301	PsychophysicsToolbox
172.612	0.002	resp	3	86306	PsychophysicsToolbox
172.622	0.002	resp	3	86311	PsychophysicsToolbox
172.632	0.002	resp	3	86316	PsychophysicsToolbox
172.642	0.002	resp	3	86321	PsychophysicsToolbox
173.236	0.002	stim_on	4	86618	PsychophysicsToolbox
174.046	0.002	resp	3	87023	PsychophysicsToolbox
174.07	0.002	resp	3	87035	PsychophysicsToolbox
174.08	0.002	resp	3	87040	PsychophysicsToolbox
174.09	0.002	resp	3	87045	PsychophysicsToolbox
174.1	0.002	resp	3	87050	PsychophysicsToolbox
174.11	0.002	resp	3	87055	PsychophysicsToolbox
174.12	0.002	resp	3	87060	PsychophysicsToolbox
174.13	0.002	resp	3	87065	PsychophysicsToolbox
174.14	0.002	resp	3	87070	PsychophysicsToolbox
174.15	0.002	resp	3	87075	PsychophysicsToolbox
174.16	0.002	resp	3	87080	PsychophysicsToolbox
174.17	0.002	resp	3	87085	PsychophysicsToolbox
174.772	0.002	stim_on	4	87386	PsychophysicsToolbox
175.628	0.002	resp	3	87814	PsychophysicsToolbox
175.642	0.002	resp	3	87821	PsychophysicsToolbox
175.652	0.002	resp	3	87826	PsychophysicsToolbox
175.662	0.002	resp	3	87831	PsychophysicsToolbox
175.672	0.002	resp	3	87836	PsychophysicsToolbox
175.682	0.002	resp	3	87841	PsychophysicsToolbox
175.692	0.002	resp	3	87846	PsychophysicsToolbox
175.702	0.002	resp	3	87851	PsychophysicsToolbox
175.712	0.002	resp	3	87856	PsychophysicsToolbox
175.722	0.002	resp	3	87861	PsychophysicsToolbox
175.732	0.002	resp	3	87866	PsychophysicsToolbox
176.208	0.002	stim_on	4	88104	PsychophysicsToolbox
177.02	0.002	resp	3	88510	PsychophysicsToolbox
177.034	0.002	resp	3	88517	PsychophysicsToolbox
177.044	0.002	resp	3	88522	PsychophysicsToolbox
177.054	0.002	resp	3	88527	PsychophysicsToolbox
177.064	0.002	resp	3	88532	PsychophysicsToolbox
177.074	0.002	resp	3	88537	PsychophysicsToolbox
177.084	0.002	resp	3	88542	PsychophysicsToolbox
177.094	0.002	resp	3	88547	PsychophysicsToolbox
177.104	0.002	resp	3	88552	PsychophysicsToolbox
177.114	0.002	resp	3	88557	PsychophysicsToolbox
177.124	0.002	resp	3	88562	PsychophysicsToolbox
177.14	0.002	resp	3	88570	PsychophysicsToolbox
177.15	0.002	resp	3	88575	PsychophysicsToolbox
177.778	0.002	stim_on	4	88889	PsychophysicsToolbox
178.542	0.002	resp	3	89271	PsychophysicsToolbox
178.56	0.002	resp	3	89280	PsychophysicsToolbox
178.57	0.002	resp	3	89285	PsychophysicsToolbox
178.58	0.002	resp	3	89290	PsychophysicsToolbox
178.59	0.002	resp	3	89295	PsychophysicsToolbox
178.6	0.002	resp	3	89300	PsychophysicsToolbox
178.61	0.002	resp	3	89305	PsychophysicsToolbox
178.62	0.002	resp	3	89310	PsychophysicsToolbox
178.636	0.002	resp	3	89318	PsychophysicsToolbox
178.646	0.002	resp	3	89323	PsychophysicsToolbox
178.656	0.002	resp	3	89328	PsychophysicsToolbox
178.666	0.002	resp	3	89333	PsychophysicsToolbox
178.676	0.002	resp	3	89338	PsychophysicsToolbox
179.38	0.002	stim_on	4	89690	PsychophysicsToolbox
180.182	0.002	resp	3	90091	PsychophysicsToolbox
180.206	0.002	resp	3	90103	PsychophysicsToolbox
180.216	0.002	resp	3	90108	PsychophysicsToolbox
180.226	0.002	resp	3	90113	PsychophysicsToolbox
180.236	0.002	resp	3	90118	PsychophysicsToolbox
180.246	0.002	resp	3	90123	PsychophysicsToolbox
180.256	0.002	resp	3	90128	PsychophysicsToolbox
180.266	0.002	resp	3	90133	PsychophysicsToolbox
180.276	0.002	resp	3	90138	PsychophysicsToolbox
180.816	0.002	stim_on	4	90408	PsychophysicsToolbox
181.608	0.002	resp	3	90804	PsychophysicsToolbox
181.626	0.002	resp	3	90813	PsychophysicsToolbox
181.636	0.002	resp	3	90818	PsychophysicsToolbox
181.646	0.002	resp	3	90823	PsychophysicsToolbox
181.656	0.002	resp	3	90828	PsychophysicsToolbox
181.666	0.002	resp	3	90833	PsychophysicsToolbox
181.676	0.002	resp	3	90838	PsychophysicsToolbox
181.686	0.002	resp	3	90843	PsychophysicsToolbox
181.702	0.002	resp	3	90851	PsychophysicsToolbox
181.712	0.002	resp	3	90856	PsychophysicsToolbox
181.722	0.002	resp	3	90861	PsychophysicsToolbox
181.732	0.002	resp	3	90866	PsychophysicsToolbox
182.302	0.002	stim_on	4	91151	PsychophysicsToolbox
183.226	0.002	resp	3	91613	PsychophysicsToolbox
183.24	0.002	resp	3	91620	PsychophysicsToolbox
183.25	0.002	resp	3	91625	PsychophysicsToolbox
183.26	0.002	resp	3	91630	PsychophysicsToolbox
183.27	0.002	resp	3	91635	PsychophysicsToolbox
183.28	0.002	resp	3	91640	PsychophysicsToolbox
183.772	0.002	stim_on	4	91886	PsychophysicsToolbox
184.686	0.002	resp	3	92343	PsychophysicsToolbox
184.704	0.002	resp	3	92352	PsychophysicsToolbox
184.714	0.002	resp	3	92357	PsychophysicsToolbox
184.724	0.002	resp	3	92362	PsychophysicsToolbox
184.734	0.002	resp	3	92367	PsychophysicsToolbox
184.744	0.002	resp	3	92372	PsychophysicsToolbox
184.754	0.002	resp	3	92377	PsychophysicsToolbox
184.764	0.002	resp	3	92382	PsychophysicsToolbox
184.774	0.002	resp	3	92387	PsychophysicsToolbox
184.784	0.002	resp	3	92392	PsychophysicsToolbox
184.794	0.002	resp	3	92397	PsychophysicsToolbox
185.408	0.002	stim_on	4	92704	PsychophysicsToolbox
186.12	0.002	resp	3	93060	PsychophysicsToolbox
186.132	0.002	resp	3	93066	PsychophysicsToolbox
186.142	0.002	resp	3	93071	PsychophysicsToolbox
186.152	0.002	resp	3	93076	PsychophysicsToolbox
186.162	0.002	resp	3	93081	PsychophysicsToolbox
186.178	0.002	resp	3	93089	PsychophysicsToolbox
186.188	0.002	resp	3	93094	PsychophysicsToolbox
186.198	0.002	resp	3	93099	PsychophysicsToolbox
186.208	0.002	resp	3	93104	PsychophysicsToolbox
186.218	0.002	resp	3	93109	PsychophysicsToolbox
186.228	0.002	resp	3	93114	PsychophysicsToolbox
186.238	0.002	resp	3	93119	PsychophysicsToolbox
186.248	0.002	resp	3	93124	PsychophysicsToolbox
186.778	0.002	stim_on	4	93389	PsychophysicsToolbox
187.638	0.002	resp	3	93819	PsychophysicsToolbox
187.65	0.002	resp	3	93825	PsychophysicsToolbox
187.66	0.002	resp	3	93830	PsychophysicsToolbox
187.67	0.002	resp	3	93835	PsychophysicsToolbox
187.686	0.002	resp	3	93843	PsychophysicsToolbox
187.696	0.002	resp	3	93848	PsychophysicsToolbox
187.706	0.002	resp	3	93853	PsychophysicsToolbox
187.716	0.002	resp	3	93858	PsychophysicsToolbox
187.726	0.002	resp	3	93863	PsychophysicsToolbox
187.736	0.002	resp	3	93868	PsychophysicsToolbox
187.746	0.002	resp	3	93873	PsychophysicsToolbox
187.756	0.002	resp	3	93878	PsychophysicsToolbox
187.766	0.002	resp	3	93883	PsychophysicsToolbox
188.464	0.002	stim_on	4	94232	PsychophysicsToolbox
189.268	0.002	resp	3	94634	PsychophysicsToolbox
189.28	0.002	resp	3	94640	PsychophysicsToolbox
189.29	0.002	resp	3	94645	PsychophysicsToolbox
189.306	0.002	resp	3	94653	PsychophysicsToolbox
189.316	0.002	resp	3	94658	PsychophysicsToolbox
189.326	0.002	resp	3	94663	PsychophysicsToolbox
189.336	0.002	resp	3	94668	PsychophysicsToolbox
189.346	0.002	resp	3	94673	PsychophysicsToolbox
189.356	0.002	resp	3	94678	PsychophysicsToolbox
189.366	0.002	resp	3	94683	PsychophysicsToolbox
189.376	0.002	resp	3	94688	PsychophysicsToolbox
189.386	0.002	resp	3	94693	PsychophysicsToolbox
189.396	0.002	resp	3	94698	PsychophysicsToolbox
189.406	0.002	resp	3	94703	PsychophysicsToolbox
189.416	0.002	resp	3	94708	PsychophysicsToolbox
189.9	0.002	stim_on	4	94950	PsychophysicsToolbox
190.81	0.002	resp	3	95405	PsychophysicsToolbox
190.834	0.002	resp	3	95417	PsychophysicsToolbox
190.844	0.002	resp	3	95422	PsychophysicsToolbox
190.854	0.002	resp	3	95427	PsychophysicsToolbox
190.864	0.002	resp	3	95432	PsychophysicsToolbox
190.874	0.002	resp	3	95437	PsychophysicsToolbox
190.884	0.002	resp	3	95442	PsychophysicsToolbox
190.894	0.002	resp	3	95447	PsychophysicsToolbox
190.904	0.002	resp	3	95452	PsychophysicsToolbox
190.914	0.002	resp	3	95457	PsychophysicsToolbox
190.924	0.002	resp	3	95462	PsychophysicsToolbox
190.934	0.002	resp	3	95467	PsychophysicsToolbox
191.404	0.002	end	2	95702	PsychophysicsToolbox
